Number,Category,File Name,Bibliographic Reference,URL,Alternate Link
888,Archaeological Sites,888smith1946petroglyphcomplexescolumbiafrasier,"Smith, Marian. 1946. Petroglyph complexes in the history of the columbia-fraser river region. Southwestern Journal of Anthropology 2 : 306-22.",http://www.jstor.org/stable/3628720?seq=1#page_scan_tab_contents,
1051,Archaeological Sites,1051mclay2004preservearchehrsoutgulfissouthgulfislsites,"McLay, Eric. 2004. Archaeological heritage of the southern gulf islands. Midden 36 (3&4): 12-7.",,http://www.savewalkerhook.com/documents/FN/McLay_2004.pdf
1073,Archaeological Sites,1073miller2007bogmcsarchsites,"Miller, Bruce Granville, ed. 2007. Be of good mind: Essays on the coast salish. Vancouver, BC: UBC Press.",http://www.ubcpress.ca/search/title_book.asp?BookID=4604,
1073,Archaeological Sites,1073miller2007bogmdefensivesitesincsregion,"Miller, Bruce Granville, ed. 2007. Be of good mind: Essays on the coast salish. Vancouver, BC: UBC Press.",http://www.ubcpress.ca/search/title_book.asp?BookID=4604,
1204,Archaeological Sites,1204_boxberger2000kennewickloc,"Boxberger, Daniel L. Review of traditional historical and ethnographic information. in Friends of America's Past [database online]. Portland, OR, 2000 [cited 03/08 2011]. Available fromhttp://www.friendsofpast.org/pdf/DOI/DOI10265.pdf.",http://www.nps.gov/archeology/kennewick/boxberger.htm,http://www.friendsofpast.org/pdf/DOI/DOI10265.pdf
ND,Archaeological Sites,ND_Brooks_1997_KlallanandChemakumPlaceNames_WAmaps_p172and173,"Brooks, Pamela, M. 1997. John peabody harrington's klallam and chemakum place names. The Kinkade Collection: The on-Line Archive of Papers for the International Conference on Salish (and Neighbo(u)Ring) Languages 32 : 144-88.",http://lingserver.arts.ubc.ca/linguistics/sites/default/files/1997_Brooks.pdf,
ND,Archaeological Sites,ND_Duff_1953_TheUpperStaloIndians_ArchSites_Pp31,"Duff, Wilson. 1952. The upper stalo indians of the fraser valley, british columbia. Victoria: British Columbia Provincial Museum.",http://searcharchives.vancouver.ca/upper-stalo-indians-of-fraser-valley-british-columbia,
ND,Archaeological Sites,ND_Smith_1947_HouseTypesofMidFraserRiver_PithouseSites_p259,"Smith, Marian. 1947. House types of the middle fraser river. American Antiquity 12 (4): 225-67.",http://www.jstor.org/stable/275055?seq=1#page_scan_tab_contents,
NIB,Archaeological Sites,NIB_ArcasConsultingArchaeologiesLtd_1991March_ArchInvestigationsTsawwassenBCVol1_Site_pp2,"Bouchard, Randy and Dorothy Kennedy. 1991. Tsawwassen ethnography and ethnohistory. In Archaeological investigations at tsawwassen, B.C., ed. Arcas Consulting Archeologists. Port Coquitlam: Arcas Consulting Ltd.",,
NIB,Archaeological Sites,NIB_attourgen2007hulqtreatygroup,"Hul'qumi'num Treaty Group. 2007. Review of ethnographic, historical and archaeological resources: Cowichan, lake cowichan, halalt, chemainus, lyackson, penelakut and hwlitsum first nations.Ministry of Attorney General, Legal Services Branch, Aboriginal Division, .",,
NIB,Archaeological Sites,NIB_carlson1983indacttradofnwcgeodivision,"Carlson, Roy L. 1983. Prehistory of the Northwest Coast. In Indian Art Traditions of the Northwest Coast. Ed. Roy L. Carlson.  Department of Archaeology, Simon Fraser University.",http://www.worldcat.org/oclc/10949306,
1089,Carlsons Maps,1089carlson2010powerofplaceoftimelowerfraserxexalsp6,"Carlson, Keith Thor. 2010. The power of place, the problem of time: Aboriginal identity and historical consciousness in the cauldron of colonialism. Toronto: University of Toronto Press.",http://www.utppublishing.com/The-Power-of-Place-the-Problem-of-Time-Aboriginal-Identity-and-Historical-Consciousness-in-the-Cauldron-of-Colonialism.html,
1089,Carlsons Maps,1089carlson2010powerofplaceoftimemystictunnelsp11,"Carlson, Keith Thor. 2010. The power of place, the problem of time: Aboriginal identity and historical consciousness in the cauldron of colonialism. Toronto: University of Toronto Press.",http://www.utppublishing.com/The-Power-of-Place-the-Problem-of-Time-Aboriginal-Identity-and-Historical-Consciousness-in-the-Cauldron-of-Colonialism.html,
1089,Carlsons Maps,1089carlson2010powerofplaceproblemoftimefloodstoresp82,"Carlson, Keith Thor. 2010. The power of place, the problem of time: Aboriginal identity and historical consciousness in the cauldron of colonialism. Toronto: University of Toronto Press.",http://www.utppublishing.com/The-Power-of-Place-the-Problem-of-Time-Aboriginal-Identity-and-Historical-Consciousness-in-the-Cauldron-of-Colonialism.html,
ND,Carlsons Maps,ND_placenames3,"Carlson, Keith Thor. 1997. You are asked to witness: The stó:Lo in canada's pacific coast history. Chilliwack: Stó:lo Heritage Trust.",http://www.worldcat.org/oclc/36337774,
ND,Carlsons Maps,ND_stolo_atlas,"Carlson, Keith Thor. 1997. You are asked to witness: The stó:Lo in canada's pacific coast history. Chilliwack: Stó:lo Heritage Trust.",http://www.worldcat.org/oclc/36337774,
ND,Carlsons Maps,ND_villages.jpg,"Carlson, Keith Thor. 1997. You are asked to witness: The stó:Lo in canada's pacific coast history. Chilliwack: Stó:lo Heritage Trust.",http://www.worldcat.org/oclc/36337774,
NIB,Carlsons Maps,NIB_10intergentiesmapgoodcopy.tif,"Carlson, Keith Thor. 1997. You are asked to witness: The stó:Lo in canada's pacific coast history. Chilliwack: Stó:lo Heritage Trust.",http://www.worldcat.org/oclc/36337774,
NIB,Carlsons Maps,NIB_commtrans.tif,"Carlson, Keith Thor. 1997. You are asked to witness: The stó:Lo in canada's pacific coast history. Chilliwack: Stó:lo Heritage Trust.",http://www.worldcat.org/oclc/36337774,
NIB,Carlsons Maps,NIB_placenames.tif,"Carlson, Keith Thor. 1997. You are asked to witness: The stó:Lo in canada's pacific coast history. Chilliwack: Stó:lo Heritage Trust.",http://www.worldcat.org/oclc/36337774,
667,Culture_area_trait,667gunther1926analoffirstsalmoncerttribedistp612.tif,"Gunther, Erna. 1926. An analysis of the first salmon ceremony. American Anthropologist 28 : 605-17.",http://onlinelibrary.wiley.com/doi/10.1525/aa.1926.28.4.02a00020/abstract;jsessionid=B6B1A7349F45CD30603D1D37D7D4FD3E.f01t01,
667,Culture_area_trait,667gunther1926firstsalmoncerttribedistribution.tif,"Gunther, Erna. 1926. An analysis of the first salmon ceremony. American Anthropologist 28 : 605-17.",http://onlinelibrary.wiley.com/doi/10.1525/aa.1926.28.4.02a00020/abstract;jsessionid=B6B1A7349F45CD30603D1D37D7D4FD3E.f01t01,
ND,Culture_area_trait,ND_Collier_1984_CulturalFermentation_AllegedProphetDanceDistrib_p5.jpg,"Collier, Catherine. 1984. Cultural fermentation and social change among the northwest coast tribes. Nortorf, Germany: Völkerkundliche Arbeitsgemeinschaft.",http://www.worldcat.org/oclc/20819843,
ND,Culture_area_trait,ND_Gunther_1928_FurtherAnalFirstSalmonCerem_DistofSalmonFirstFruitandBearCerem_p132.jpg,"Gunther, Erna. 1928. A further analysis of the first salmon ceremony. University of Washington Publications in Anthropology 2 (5): 129-73.",http://digitalcollections.lib.washington.edu/cdm/compoundobject/collection/lctext/id/1572,
NIB,Culture_area_trait,NIB_benet1971indianfishingcultareas.tif,"Bennett, Marilyn G. 1973. Indian fishing and its cultural importance in the fraser river system. Vancouver B.C.: Fisheries Service, Pacific Region, and Union of British Columbia Indian Chiefs,",http://www.worldcat.org/oclc/7534105,
NIB,Culture_area_trait,NIB_dufrense1984thesalishsxwaixwdistribution.tif,"Dufresne, Lucie M. 1996. The salish sxwaixwe in historic salish society.University of Ottawa.",https://www.ruor.uottawa.ca/bitstream/10393/10412/1/MM15617.PDF,
NIB,Culture_area_trait,NIB_jorgensen1890settlemetnpatternp160.tif,"Jorgensen, Joseph G. 1980. Western indians: Comparative environments, languages, and cultures of 172 western american indian tribes. San Francisco: W.H. Freeman and Company.",http://www.worldcat.org/oclc/433967987,
NIB,Culture_area_trait,NIB_jorgensen1980saltaddedtofood385.tif,"Jorgensen, Joseph G. 1980. Western indians: Comparative environments, languages, and cultures of 172 western american indian tribes. San Francisco: W.H. Freeman and Company.",http://www.worldcat.org/oclc/433967987,
741,First Nation Place Names,741kennedyandbouchard1083shamonlifeshamonplacenames.tif,"Kennedy, Dorothy, and Randy Bouchard. 1983. Sliammon life, sliammon lands. Vancouver: Talonbooks.",http://www.worldcat.org/oclc/11144551,
741,First Nation Place Names,741kennedyandbouchard1083sliammonlifehomalcoplacenamesp150.tif,"Kennedy, Dorothy, and Randy Bouchard. 1983. Sliammon life, sliammon lands. Vancouver: Talonbooks.",http://www.worldcat.org/oclc/11144551,
741,First Nation Place Names,741kennedyandbouchard1083sliammonlifisComoxplacnamesp168.tif,"Kennedy, Dorothy, and Randy Bouchard. 1983. Sliammon life, sliammon lands. Vancouver: Talonbooks.",http://www.worldcat.org/oclc/11144551,
741,First Nation Place Names,741kenneyandbouchard1083sliammonlifeklahooseplacenamesp156.tif,"Kennedy, Dorothy, and Randy Bouchard. 1983. Sliammon life, sliammon lands. Vancouver: Talonbooks.",http://www.worldcat.org/oclc/11144551,
782,First Nation Place Names,782lincol1991coastsalishcanoespre1850housesitesp36.tif,"Lincoln, Leslie. 1991. Coast salish canoes. Seattle: Center for Wooden Boats",http://www.worldcat.org/oclc/27722998,
796,First Nation Place Names,795mathes1995withkhatsahlanovan2ndoneinlist.tif,"Matthews, J. S. 1955. Conversations with khatsalahno 1932-1954. Vancouver: Vancouver City Archives.",https://archive.org/details/ConversationsWithKhahtsahlano1932-1954_346,
795,First Nation Place Names,795matthews1955conversationswithkhatstahlanovan1stone.tif,"Matthews, J. S. 1955. Conversations with khatsalahno 1932-1954. Vancouver: Vancouver City Archives.",https://archive.org/details/ConversationsWithKhahtsahlano1932-1954_346,
796,First Nation Place Names,796macdonald1992vanvishistsitesandvillagesvan1850p10.tif,"MacDonald, Bruce. 1992. Vancouver: A visual history. Vancouver: Talonbooks.",http://www.worldcat.org/oclc/25870083,
796,First Nation Place Names,796Macdonald1992vanvisualhistorysiteandvillvan1850part2.tif,"MacDonald, Bruce. 1992. Vancouver: A visual history. Vancouver: Talonbooks.",http://www.worldcat.org/oclc/25870083,
936,First Nation Place Names,936_Suttles1986katzieenthonotesplacenameskatziep16.tif,"Suttles, Wayne. 1955. Katzie ethnographic notes. Victoria: British Columbia Provincial Museum.",http://www.worldcat.org/oclc/4358004,
936,First Nation Place Names,936_suttles1996lingevidenceforburrardinlethalknamesinhowsoundp296.tif,"Suttles, Wayne. 1996. Linguistic evidence for burrard inlet as former halkomelem territory. In Papers for the 31st international conference on salish and neighboring languages. Vancouver: ICSNL.",http://lingserver.arts.ubc.ca/linguistics/sites/default/files/1996_Suttles.pdf,
936,First Nation Place Names,936_suttles1996papers31stconferencesalishlanguageslin.tif,"Suttles, Wayne. 1996. Linguistic evidence for burrard inlet as former halkomelem territory. In Papers for the 31st international conference on salish and neighboring languages. Vancouver: ICSNL.",http://lingserver.arts.ubc.ca/linguistics/sites/default/files/1996_Suttles.pdf,
936,First Nation Place Names,936_suttles1996papers31stconferencesalishlaugnesp25.tif,"Suttles, Wayne. 1996. Linguistic evidence for burrard inlet as former halkomelem territory. In Papers for the 31st international conference on salish and neighboring languages. Vancouver: ICSNL.",http://lingserver.arts.ubc.ca/linguistics/sites/default/files/1996_Suttles.pdf,
990,First Nation Place Names,990_wells1966squamishlegendssquamishplacenamesp15approx.tif,"Wells, Oliver, August Jack Khahtsahlano, and Domanic Charlie. 1966. Squamish legends. Vancouver: Charles Chamerlaine & Frank T. Coan.",http://searcharchives.vancouver.ca/squamish-legends,
995,First Nation Place Names,995_wells1987thechilliwacksandtheirneighboursnooksakgeop149.tif,"Wells, Oliver. 1987. The chilliwacks and their neighbours. Vancouver: Talonbooks.",http://www.worldcat.org/oclc/18907171,
995,First Nation Place Names,995_wells1987thechilliwacksandtheirneighbourssquamishlegelndsp169.tif,"Wells, Oliver. 1987. The chilliwacks and their neighbours. Vancouver: Talonbooks.",http://www.worldcat.org/oclc/18907171,
1089,First Nation Place Names,1089Carlson2010poppotkatzieplacenamesp137.tif,"Carlson, Keith Thor. 2010. The power of place, the problem of time: Aboriginal identity and historical consciousness in the cauldron of colonialism. Toronto: University of Toronto Press.",http://www.utppublishing.com/The-Power-of-Place-the-Problem-of-Time-Aboriginal-Identity-and-Historical-Consciousness-in-the-Cauldron-of-Colonialism.html,
1213,First Nation Place Names,1213galvin2005thishauntedplacehulqminumplacnam.tif,"Glavin, Terry. 2005. This haunted place. The Georgia Straight2005. https://sites.google.com/site/mkiemele/thishauntedplace.",https://sites.google.com/site/mkiemele/thishauntedplace,
ND,First Nation Place Names,ND_AngelbeckMcLay_2011_Battle@MapleBay_BattlePlaceNames_Pp365.jpg,"Angelbeck, Bill and Eric McLay, 2011 - The Battle at Maple Bay: The Dynamics of Coast Salish Political Organization through Oral Histories. Ethnohistory. Volume 58 Number 3:359-392.",http://ethnohistory.dukejournals.org/content/58/3/359.abstract,
ND,First Nation Place Names,ND_AttourGen_2007_HulqTreatyGroup_ValdesIsLyackVills_p51_0003.jpg,"Hul'qumi'num Treaty Group. 2007. Review of ethnographic, historical and archaeological resources: Cowichan, lake cowichan, halalt, chemainus, lyackson, penelakut and hwlitsum first nations.Ministry of Attorney General, Legal Services Branch, Aboriginal Division, .",,
ND,First Nation Place Names,ND_Codere_1948_SwaixweMyth_PlaceNames_p5.jpg,"Codere, Helen. 1948. The swai'xwe myth of the middle fraser river: The integration of two northwest coast cultural ideas. Journal of American Folklore 61 (239): 1-18.",http://www.jstor.org/stable/536968?seq=1#page_scan_tab_contents,
ND,First Nation Place Names,ND_Hudson_1984_ForagingaNewHope_TerritoriesofHopeIndians.jpg,"Hudson, Douglas. 1984. The fraser: Hope's river of romance. In Forging a new hope, struggles and dreams, 1848-1948: A pioneer story of hope, flood, and laidlaw., ed. Hope and District Historical Society, 7-28. Hope, BC: Hope and District Historical Society.",http://www.worldcat.org/oclc/13052846,
ND,First Nation Place Names,ND_Kinkade_1997_CowlitzPlaceNames_Map1_pg259.jpg,"Kinkade, M. Dale. 1997. Cowlitz (salish) place names. Port Angeles, Washington.",http://lingserver.arts.ubc.ca/linguistics/sites/default/files/1997_Kinkade.pdf,
ND,First Nation Place Names,ND_Kinkade_1997_CowlitzPlaceNames_Map2_p260.jpg,"Kinkade, M. Dale. 1997. Cowlitz (salish) place names. Port Angeles, Washington.",http://lingserver.arts.ubc.ca/linguistics/sites/default/files/1997_Kinkade.pdf,
ND,First Nation Place Names,ND_Oliver_1997_TraditionalUseStudy765HopePrincetonHighway_StoloVillagesHalqemelemPlaceNames_PP16.jpg,"Oliver, Lindsay. 1997. Traditional use study: 765 hope-princeton highway, hope, british columbia. Aegis Associates, .",,
ND,First Nation Place Names,ND_RichardsonAndGalloway_2011_NooksackPlaceNames_PlaceNameMap_Pp46-47.jpg,"Richardson, Allan, 1945, and Brent Douglas Galloway. 2011. Nooksack place names: Geography, culture, and language. Vancouver: UBC Press,",http://www.ubcpress.ca/search/title_book.asp?BookID=299173313,
ND,First Nation Place Names,ND_Rozen_1977_TheHalkomenum_PlacesonCowichanRiver_p9.jpg,"David Rozen, ""The Ethnogeography of the Cowichan River, British Columbia"" 1977).",,
ND,First Nation Place Names,ND_Rozen_1977_TheHalkomenum_PlacesonCowichanRiver_p11.jpg,"David Rozen, ""The Ethnogeography of the Cowichan River, British Columbia"" 1977).",,
ND,First Nation Place Names,ND_SquamishNation_2011_SquamishEnglishDictionary_SquamishTerritory_Ppx.jpg,"Squamish Nation Education Department, and University of Washington. 2011. Sk̲wx̲wú7mesh sníchim - xwelíten sníchim: Sk̲exwts = Squamish - English dictionary. Seattle: University of Washington Press.",http://www.worldcat.org/oclc/580105040,
ND,First Nation Place Names,ND_TheSecheltBand_nd_MapofTraditionalHomesites_npPart2.jpg,"Sechelt Indian Band, ""Traditional Homesites of the Sechelt Band. Place Names Dictated by Members of the Band. Notated by Lester R. Peterson"" Sechelt Band, BC, n.d.).",,
ND,First Nation Place Names,ND_TheSecheltBand_nd_MapofTraditionalHomesites_npPartOne.jpg,"Sechelt Indian Band, ""Traditional Homesites of the Sechelt Band. Place Names Dictated by Members of the Band. Notated by Lester R. Peterson"" Sechelt Band, BC, n.d.).",,
ND,First Nation Place Names,ND_Thiusoloc_1859_USBoundaryCommission.jpg,"Thiusoloc. 1959. US Boundary Commission Map. Map 26, series 69, RG76, Northwest Bundary Records. U.S. National Archives and Records Service, Washington, DC. Reprinted in Carlson, Keith Thor. 2001. A Stó:lō-Coast Salish historical atlas. Vancouver: Douglas & McIntyre.",http://www.worldcat.org/oclc/44940929,
NIB,First Nation Place Names,NIB_arcasconsulachltd1991marivesttwasbcp162.tif,"Bouchard, Randy and Dorothy Kennedy. 1991. Tsawwassen ethnography and ethnohistory. In Archaeological investigations at tsawwassen, B.C., ed. Arcas Consulting Archeologists. Port Coquitlam: Arcas Consulting Ltd.",,
NIB,First Nation Place Names,NIB_carlson1997stoloincanpaccaoshalqnamerespart2.tif,"Carlson, Keith Thor. 1997. You are asked to witness: The stó:Lo in canada's pacific coast history. Chilliwack: Stó:lo Heritage Trust.",http://www.worldcat.org/oclc/36337774,
NIB,First Nation Place Names,NIB_carlson1997thestolincanapaccoasthisthalqnamrespar1ins.tif,"Carlson, Keith Thor. 1997. You are asked to witness: The stó:Lo in canada's pacific coast history. Chilliwack: Stó:lo Heritage Trust.",http://www.worldcat.org/oclc/36337774,
NIB,First Nation Place Names,NIB_Carlson1997thestoloincanpaccoashiststolodiseaseplacenames.tif,"Carlson, Keith Thor. 1997. You are asked to witness: The stó:Lo in canada's pacific coast history. Chilliwack: Stó:lo Heritage Trust.",http://www.worldcat.org/oclc/36337774,
NIB,First Nation Place Names,NIB_chris-paulWSANECmap.tif,"Paul, Chris. 2005. WSANEĆ (Saanich). In Islands in the Salish Sea: A Community Atlas. Eds. Sheila Harrington and Judy Stevenson. TouchWood Editions, Surrey, BC.",http://www.worldcat.org/oclc/244769133,
NIB,First Nation Place Names,NIB_guerinplacenamesmapletter.tif,"Guerin, Robert. 1996. “Chemainus First Nation Hul’qumi'num Place Names.”",,
NIB,First Nation Place Names,NIB_hayes2005histatlasofvan.tif,"Hayes, Derek, 1947. 2005. Historical atlas of vancouver and the lower fraser valley. Vancouver: Douglas & McIntyre,",http://www.worldcat.org/oclc/61698100,
NIB,First Nation Place Names,NIB_suttles2004musquemreferencegrammarmusqterrp567.tif,"Suttles, Wayne. 2004. Musqueam reference grammar. Vancouver: UBC Press.",http://www.ubcpress.ca/search/title_book.asp?BookID=2362,
NIB,First Nation Place Names,NIB_wilson1969fortvictreatiessongheesplacenamesp28.tif,"Duff, Wilson. 1969. The fort victoria treaties. BC Studies 3 : 3-57.",http://ojs.library.ubc.ca.ezproxy.library.uvic.ca/index.php/bcstudies/issue/view/124,
717,Fishing_sites_representational,717_hunn1999ethnocourtsquaxintriebeFG.tif,"Hunn, Eugene. 1999. Ethnogiology in court: The paradoxes of relativism, authenticity, and advocacy. In Ethnoecology: Knowledge, resources and rights., ed. Bea Blout, 1-11. Athens: University of Georgia Press.",http://faculty.washington.edu/hunn/vitae/ethnobio_in_court_Blount_Gragson.pdf,
NIB,Fishing_sites_representational,NIB_sencotenplacenamesreefnetsitesmap.tif,Sencoten Alliance. 2002. Sencoten place names and reef net sites map 9. Map prepared by Sencoten Alliance with assistance from Ecotrust Canada for the BC Hydro Georgia Straight Crossing Project (GSX). Map filed with National Energy Board joint review panel.,,
,historic_treaties,gibbstribesmap1855.tif,"Gibbs, George. 1855. Report of mr. george gibbs to captain mc'clellan on the indian tribes of the territory of washington. In Reaports of explorations and surveys to ascertain the most practicable and economical route for a railroad from the mississippi river to the pacific ocean., ed. George Gibbs, 402-453. Washington: US Secretary of War.",http://www.worldcat.org/oclc/41026258,
,historic_treaties,roberts1975phdswinomishskagitreserves.tif,"Roberts, Natalie. 1975. A history of the swinomish tribal community. Ph.D., University of Washington.",https://digital.lib.washington.edu/researchworks/handle/1773/6456,
,historic_treaties,wilson1969fortvictreatiessonghees.tif,"Duff, Wilson. 1969. The fort victoria treaties. BC Studies 3 : 3-57.",http://ojs.library.ubc.ca/index.php/bcstudies/article/viewFile/607/651,
,historic_treaties,wray1997olypmicnatilparkoverviewassessmenttreaties.tif,"Wray, Jacilee. 1997. Olympic national park. ethnographic overview and assessment. Olympic National Park.",http://www.worldcat.org/oclc/86131577,
,historic_treaties,wright1991timeofgatheringusreservestriballand.tif,"Wright, Robin Kathleen, and Thomas Burke Memorial Washington State Museum. 1990. A time of gathering: Native heritage in washington state. Vol. 7; 7. Seattle: Burke Museum",http://www.worldcat.org/oclc/20993271,
542,linguistic_territory_bounded,542_baas1980map.tif,"Boas, Franz. First general report on the indians of british columbia. London: British Association for the Advancement of Science, 1890.",http://www.worldcat.org/oclc/41820124,
542,linguistic_territory_bounded,542_boas1890onnortwesttribeslingmapbcp552.tif,"Boas, Franz. First general report on the indians of british columbia. London: British Association for the Advancement of Science, 1890.",http://www.worldcat.org/oclc/41820124,
552,linguistic_territory_bounded,552bouchardankennedy1995reviewofnativeindiahistorycrabybayareasog.tif,"Randy Bouchard, ""A Review of the Native Indian History of the Craig Bay Area, Parksville, B.C"" 1995) (accessed 1/26/2011).",http://www.sfu.ca/kbipinch/records/485/,
588,linguistic_territory_bounded,588_collier1984culturalfermentationsalishlingdistribp15.tif,"Collier, Catherine. 1984. Cultural fermentation and social change among the northwest coast tribes. Nortorf, Germany: Völkerkundliche Arbeitsgemeinschaft.",http://www.worldcat.org/oclc/20819843,
676,linguistic_territory_bounded,676_hage1999markinguniversalskinshipsalish.tif,"Hage, Per. 1999. Marking universals and the structure and evolution of kinship terminologies: Evidence from salish. Journal of the Royal Anthropological Institute 5 (3): 423-41.",http://www.researchgate.net/publication/271807838_Marking_Universals_and_the_Structure_and_Evolution_of_Kinship_Terminologies_Evidence_from_Salish,
735,linguistic_territory_bounded,735_jorgensen1969salishlangandcultmajorsalishuntisp5.tif,"Jorgenson, Joseph. 1969. Salish language and culture: A statistical analysis of internal relationships, history and evolution. Bloomington: Indiana University Press.",http://www.worldcat.org/oclc/52887,
787,linguistic_territory_bounded,787_lutz1999relatingtocountrylekwammenterrp20.tif,"Lutz, John. 1999. 'Relating to the country': The lekwammen and the extension of european settlement, 1843-1911. In Beyond the city limits: Rural history in british columbia., ed. R. W. Sandwell, 17-32. Vancouver: UBC Press.",http://www.ubcpress.ca/search/title_book.asp?BookID=1296,http://web.uvic.ca/~jlutz/pdf/Lutz_Relating_to-Country.pdf
860,linguistic_territory_bounded,860_richardson1979longhousetohomestedsnooksackangadjgroupsterritp9.tif,"Richardson, Allan. 1979. Longhouses to homesteads: Nooksack indian settlement, 1820 to 1895. American Indian Journal 5 (8): 8-12.",http://heinonline.org.ezproxy.library.uvic.ca/HOL/Page?handle=hein.journals/amindj5&id=292&collection=journals,
909,linguistic_territory_bounded,909_suttles1954postcontactculturelummisalishlingdistp30.tif,"Suttles, Wayne. 1954. Post-contact culture change among the lummi indians. British Columbia Historical Quarterly 18 (1-2): 29-102.",http://bchistory.library.ubc.ca/?db=bchf#,
915,linguistic_territory_bounded,915_suttles1982productivityanditsconstraintscentralcoastsalishp68.tif,"Suttles, Wayne. 1987. Productivity and its constraints - A coast salish case. In Coast salish essays., ed. Wayne Suttles, 100-136. Vancouver: Talonbooks.",http://www.worldcat.org/oclc/18176963,
915,linguistic_territory_bounded,915_suttles1982thekalkomelemsxwayxweycentralcoastsalishterrp59.tif,"Suttles, Wayne. 1982. The Halkomelem Sxwayxwey. American Indian Art Magazine, 8, 56-65.",http://www.worldcat.org/oclc/417558560,
922,linguistic_territory_bounded,922_suttles1987culturaldiversityincoastsalishcontinuumnativelangofs.tif,"Suttles, Wayne. 1987. Cultural diversity within the coast salish continuum. In Ethnicity and culture: Proceedings of the eighteenth annual conference of the archaeological association of the university of calgary., eds. Réginald Auger, Margaret Glass, Scott MacEachern and Peter McCartney, 243-249. Calgary: University of Calgary Archaeological Association.",http://www.worldcat.org/oclc/18619555,
930,linguistic_territory_bounded,930_suttles1987coastsalishessaysnwcoastlangesinsidefrontcover.tif,"Suttles, Wayne. 1987. Coast salish essays. Vancouver: Talonbooks.",http://www.worldcat.org/oclc/18176963,
930,linguistic_territory_bounded,930_suttles1987coastsalishessaysnwcoastlaungauagesbackcover.tif,"Suttles, Wayne. 1987. Coast salish essays. Vancouver: Talonbooks.",http://www.worldcat.org/oclc/18176963,
932,linguistic_territory_bounded,932_suttles1990handbknai7ctrlcstradterritoryvillagesitesp45.tif,"Suttles, Wayne. 1990. Handbook of north american indians. v. 7. northwest coast, ed. Wayne Suttles. Washington: Smithsonian Institution.",http://www.worldcat.org/oclc/886130797,
932,linguistic_territory_bounded,932_suttles1990hnai7.tif,"Suttles, Wayne. 1990. Handbook of north american indians. v. 7. northwest coast, ed. Wayne Suttles. Washington: Smithsonian Institution.",http://www.worldcat.org/oclc/886130797,
967,linguistic_territory_bounded,967_turnerandbell1971ethnobotanyofthecsvanislandcoastsaslishlingp65.tif,"Turner, Nancy, and Marcus Bell. 1971. The ethnobotany of the coast salish indians of vancouver island. Economic Botany 25 (1): 63-104.",http://www.jstor.org/stable/4253269?seq=1#page_scan_tab_contents,
1013,linguistic_territory_bounded,1013_wray1997olympicnatnlparkthnooverviewandassessmentolypic.tif,"Wray, Jacilee. 1997. Olympic national park. ethnographic overview and assessment. Olympic National Park.",http://www.worldcat.org/oclc/86131577,
1054,linguistic_territory_bounded,1054_ostapkowica2001useofcattailbysalishsalishgroups79.tif,"Ostapkowicz, Joanna, Dana Lepofsky, Rick Schulting, and Sonny McHalsie. 2001. The use of cattail (typha latifolia L.) down as a sacred substance by the interior and coast salish of british columbia.Journal of Ethnobiology 21 (2): 77-90.",http://ethnobiology.org/sites/default/files/pdfs/JoE/21-2/Ostapkowicz-etal.pdf,
1091,linguistic_territory_bounded,1091_blancharddavenporteds2005contempcoastsalishartcclinguisticp6.tif,"Blanchard, Rebecca, and Nancy Davenport, eds. 2005. Contemporary coast salish art. Vancouver, BC: Douglas and McIntyre Ltd.",http://www.worldcat.org/oclc/492084588,
1122,linguistic_territory_bounded,1122_thompsonandegesdal2008salishmythsandlegendssalishlanguages.tif,"Thompson, M. Terry, and Steven M. Egesdal, eds. 2008. Salish myths and legends: One people's stories. Lincoln: University of Nebraska Press.",http://www.worldcat.org/oclc/638364902,
1161,linguistic_territory_bounded,1161_roberts1975phdahistoryofthesinomishpugetsoundlanguges.tif,"Roberts, Natalie. 1975. A history of the swinomish tribal community. Ph.D., University of Washington.",https://digital.lib.washington.edu/researchworks/handle/1773/6456,
1166,linguistic_territory_bounded,1166_kennedyandbouchar1083sliammonlifeindialanguagescirca1800.tif,"Kennedy, Dorothy, and Randy Bouchard. 1983. Sliammon life, sliammon lands. Vancouver: Talonbooks.",http://www.worldcat.org/oclc/11144551,
1200,linguistic_territory_bounded,1200_hilbertandbierwert1980waysoflushootseedpeoplelangareaindianlandsp5.tif,"Hilbert, Vi, and Crisca Bierwert. 1980. Ways of the lushootseed people: Ceremonies and traditions of northern puget sound indians. Seattle, WA: Daybreak Star Press.",http://www.worldcat.org/oclc/8085923,
1231,linguistic_territory_bounded,1231_.tif,"Boas, Franz. 1887. The coast tribes of british columbia. Science 9 (216): 288-9.",http://www.jstor.org/stable/1763502?seq=3#page_scan_tab_contents,
1231,linguistic_territory_bounded,1231_boaz1887thecoasttribesofbritishcolumbia.tif,"Boas, Franz. 1887. The coast tribes of british columbia. Science 9 (216): 288-9.",http://www.jstor.org/stable/1763502?seq=3#page_scan_tab_contents,
ND,linguistic_territory_bounded,ND_Carlson_1997_NativeStudies_StolTradTerrLingBounds_p13.jpg,"Carlson, Keith Thor. 1997. You are asked to witness: The stó:Lo in canada's pacific coast history. Chilliwack: Stó:lo Heritage Trust.",http://www.worldcat.org/oclc/36337774,
ND,linguistic_territory_bounded,ND_KewandGriggs_1991_NativeIndiansofFraserBasin_DistofSixNativeLangGroups_p22.jpg,"Kew, Michael, and Julian Griggs. 1991. Native indians of the fraser basin: Towards a model of sustainable resource use. In Perspectives on sustainable development in water management: Towards agreement in the fraser river basin., ed. Anthony Dorcey, 17-47. Vancovuer: Westwater Research Centre.",http://www.worldcat.org/oclc/23650304,
NIB,linguistic_territory_bounded,NIB_03salishanlanguages.tif,"Suttles, Wayne and Cameron Suttles. 1985. Native Languages of the Northwest Coast Map. Western Imprints, The Press of Oregon Historical Society, Portland OR.",http://www.worldcat.org/oclc/20355999,
NIB,linguistic_territory_bounded,NIB_bateshesshilbertlushootseeddictionaryarea.tif,"Bates, Dawn, Thom Hess, and Vi Hilbert. 1994. Lushootseed dictionary. Seattle: University of Washington Press.",https://archive.org/details/rosettaproject_lut_ortho-1,
NIB,linguistic_territory_bounded,NIB_bcheritageseriesournativepplss1v2.tif,"Pickford, A. E., and A. F. Flucke. 1952. Our native peoples, british columbia heritage series, volume 2 coast salish. Victoria: Province of British Columbia Department of Education.",http://www.worldcat.org/oclc/5509124,
NIB,linguistic_territory_bounded,NIB_bennet1971indianfishingfraserrlinggroupsp7.tif,"Bennett, Marilyn. 1975. Indian fishing and its cultural importance in the fraser river system. Vancouver: Union of B.C. Indian Chiefs and Department of Environment.",http://www.worldcat.org/oclc/7534105,
NIB,linguistic_territory_bounded,NIB_boas1896sprachenkarte.tif,"Boas, Franz. 1896. Sprachenkarte von Britisch-Columbien. Petermann's Geograph Mittheilungen. Tafel 2(2).",http://www.worldcat.org/oclc/237232593,
NIB,linguistic_territory_bounded,NIB_boas1896sprachenkartsalishcrop.tif,"Boas, Franz. 1896. Sprachenkarte von Britisch-Columbien. Petermann's Geograph Mittheilungen. Tafel 2(2).",http://www.worldcat.org/oclc/237232593,
NIB,linguistic_territory_bounded,NIB_boas1928languagesbaevol14centralsalishcrop.tif,"Boas, Franz. 1928. Distribution of Salish dialects and of languages spoken in the adjoining territory before 1908 based on informaiton collected by James A. Tait, Franz Boas and Leo J. Frachtenberg. In the Forty-first annual report of the Bureau of American Ethnology to the Secretary of the Smithsonian Institution, 1919-24. Pp. 125, front piece, map in pocket. Printed by the US Government Printing Office, WA. ",http://library.si.edu/digital-library/book/annualreportofbu41smithso,
NIB,linguistic_territory_bounded,NIB_boas1928languagesBAEvol41.tif,"Boas, Franz. 1928. Distribution of Salish dialects and of languages spoken in the adjoining territory before 1908 based on informaiton collected by James A. Tait, Franz Boas and Leo J. Frachtenberg. In the Forty-first annual report of the Bureau of American Ethnology to the Secretary of the Smithsonian Institution, 1919-24. Pp. 125, front piece, map in pocket. Printed by the US Government Printing Office, WA. ",http://library.si.edu/digital-library/book/annualreportofbu41smithso,
NIB,linguistic_territory_bounded,NIB_brotherton2008sabadebthegiftscsterritoriesppxix.tif,"Brotherton, Barbara, Seattle Art Museum, Heard Museum, and Royal British Columbia Museum. 2008. S'abadeb: The gifts : Pacific coast salish arts and artists.",http://www.worldcat.org/oclc/225872625,
NIB,linguistic_territory_bounded,NIB_figure1boundariesbrienfinaldec10.tif,"Thom, Brian. 2005. Coast Salish Senses of Place: Dwelling, meaning, power, property and terriotry in the Coast Salish World. PhD Dissertation. Department of Anthropology, McGill University, Montreal. P. 61",http://digitool.library.mcgill.ca/R/?func=dbin-jump-full&object_id=85209&local_base=GEN01-MCG02,
NIB,linguistic_territory_bounded,NIB_kennedy1993mathesislookingfortribescrtlcslangpp7.tif,"Kennedy, Dorothy. 1995. Looking for tribes in all the wrong places: An examination of the central coast salish social network.Department of Anthropology, University of Victoria.",http://www.worldcat.org/oclc/46501981,
745,linguistic_territory_unbounded,745_kennedy2000phdthreadstothepastcslanguagep4.tif,"Kennedy, Dorothy. 2000. Threads to the past: The construction and transformation of kinship in the coast salish social network.",http://ora.ox.ac.uk/objects/uuid:56bba9a5-d44f-4146-ae65-1451755dee51,
861,linguistic_territory_unbounded,861_richardson1982controlofprodresrouces.tif,"Richardson, Allan. 1982. The control of productive resources on the northwest coast of north america. In Resource managers: North american and australian hunter-gatheres., ed. Eugene Hunn, 93-112. Boulder: Westview Press.",http://www.worldcat.org/oclc/701149038,
ND,linguistic_territory_unbounded,ND_Jenness_1956_CornGoddessIndianCanada_IndigGroupsinCanada_np.jpg,"Jenness, Diamond. 1960. The corn goddess and other tales from indian canada. Ottawa: National Museum of Man.",http://www.worldcat.org/oclc/647681971,
577,movement,577_Carlson1997TheStoloincanadaspacifichistory.tif,"Carlson, Keith Thor. 1997. You are asked to witness: The stó:Lo in canada's pacific coast history. Chilliwack: Stó:lo Heritage Trust.",http://www.worldcat.org/oclc/36337774,
1073,movement,1073_Miller2007MovementsToFraserRiver.tif,"Miller, Bruce Granville, ed. 2007. Be of good mind: Essays on the coast salish. Vancouver, BC: UBC Press.",http://www.ubcpress.ca/search/title_book.asp?BookID=4604,
1089,movement,1089_Carlson2010famine.tif,"Carlson, Keith Thor. 2010. The power of place, the problem of time: Aboriginal identity and historical consciousness in the cauldron of colonialism. Toronto: University of Toronto Press.",http://www.utppublishing.com/The-Power-of-Place-the-Problem-of-Time-Aboriginal-Identity-and-Historical-Consciousness-in-the-Cauldron-of-Colonialism.html,
1089,movement,1089_Carlson2010KwantlenRoute.tif,"Carlson, Keith Thor. 2010. The power of place, the problem of time: Aboriginal identity and historical consciousness in the cauldron of colonialism. Toronto: University of Toronto Press.",http://www.utppublishing.com/The-Power-of-Place-the-Problem-of-Time-Aboriginal-Identity-and-Historical-Consciousness-in-the-Cauldron-of-Colonialism.html,
1089,movement,1089_carlson2010poiwerofplaceoftimealan.tif,"Carlson, Keith Thor. 2010. The power of place, the problem of time: Aboriginal identity and historical consciousness in the cauldron of colonialism. Toronto: University of Toronto Press.",http://www.utppublishing.com/The-Power-of-Place-the-Problem-of-Time-Aboriginal-Identity-and-Historical-Consciousness-in-the-Cauldron-of-Colonialism.html,
1089,movement,1089_Carlson2010SlaveMovement.tif,"Carlson, Keith Thor. 2010. The power of place, the problem of time: Aboriginal identity and historical consciousness in the cauldron of colonialism. Toronto: University of Toronto Press.",http://www.utppublishing.com/The-Power-of-Place-the-Problem-of-Time-Aboriginal-Identity-and-Historical-Consciousness-in-the-Cauldron-of-Colonialism.html,
1089,movement,1089_Carlson2010TaitTribeEmergence.tif,"Carlson, Keith Thor. 2010. The power of place, the problem of time: Aboriginal identity and historical consciousness in the cauldron of colonialism. Toronto: University of Toronto Press.",http://www.utppublishing.com/The-Power-of-Place-the-Problem-of-Time-Aboriginal-Identity-and-Historical-Consciousness-in-the-Cauldron-of-Colonialism.html,
1100,movement,1100_kennedy2007map.tif,"Kennedy, Dorothy. 2007. Quantifying ""two sides of a coin"": A statistical examination of the central coast salish social network. BC Studies(153): 3-34.",http://ojs.library.ubc.ca/index.php/bcstudies,
1166,movement,1166_kennedy1993TribeMarriageAreas.tif,"Kennedy, Dorothy. 1995. Looking for tribes in all the wrong places: An examination of the central coast salish social network.Department of Anthropology, University of Victoria.",http://www.worldcat.org/oclc/46501981,
1204,movement,1204_Boxberger_2000_ReviewTradHist_tradenetworkp19.tif,"Boxberger, Daniel L. Review of traditional historical and ethnographic information. in Friends of America's Past [database online]. Portland, OR, 2000 [cited 03/08 2011]. Available fromhttp://www.friendsofpast.org/pdf/DOI/DOI10265.pdf.",http://www.nps.gov/archeology/kennewick/boxberger.htm,http://www.friendsofpast.org/pdf/DOI/DOI10265.pdf
2719,movement,2719_Suttles1987MarriageAReasandTies.tif,"Suttles, Wayne. 1987. Persistence of intervillage ties among the coast salish. In Coast salish essays., ed. Wayne Suttles, 209-232. Vancouver: Talonbooks.",http://www.worldcat.org/oclc/18176963,
3345,movement,3345_Norman2012TransboundRGovernSalishGahterings.tif,"Norman, Emma S. 2012. Cultural politics and transboundary resource governance in the salish sea. Water Alternatives 5 (1): 138-60,",http://www.water-alternatives.org/index.php/volume5/v5issue1/162-a5-1-9/file,
3345,movement,3345_norman2012TRGcanoejourneywatermonitoring.tif,"Norman, Emma S. 2012. Cultural politics and transboundary resource governance in the salish sea. Water Alternatives 5 (1): 138-60,",http://www.water-alternatives.org/index.php/volume5/v5issue1/162-a5-1-9/file,
NIB,movement,NIB_barnettmapfinal.tif,"Barnett, Homer. 1955. The coast salish of british columbia. Eugene: University of Oregon Press.",http://bcheritage.ca/salish/ph2/trad/120.htm,
NIB,movement,NIB_barret_exploitation_redraw.tif,"Barnett, Homer. 1955. The coast salish of british columbia. Eugene: University of Oregon Press. Redrawn in Thom, Brian. 2005. Coast Salish Senses of Place: Dwelling, meaning, power, property and terriotry in the Coast Salish World, p. 351.",http://digitool.library.mcgill.ca/R/?func=dbin-jump-full&object_id=85209&local_base=GEN01-MCG02,
1089,population,1089_carlson2010powerofplaceproblemlowerfraser1830popdistribution.tif,"Carlson, Keith Thor. 2010. The power of place, the problem of time: Aboriginal identity and historical consciousness in the cauldron of colonialism. Toronto: University of Toronto Press.",http://www.utppublishing.com/The-Power-of-Place-the-Problem-of-Time-Aboriginal-Identity-and-Historical-Consciousness-in-the-Cauldron-of-Colonialism.html,
ND,population,ND_Harris_1992_FraserCanyonEncountered_NativepopinFraserCanyon1878_p17.jpg,"Harris, Cole. 1992. The fraser canyon encountered. BC Studies 94 : 5-28.",http://ojs.library.ubc.ca.ezproxy.library.uvic.ca/index.php/bcstudies/issue/view/212,
ND,population,ND_Harris_1992_FraserCanyonEncountered_PopfromAndersonRandSpuzzumCreek_p13.jpg,"Harris, Cole. 1992. The fraser canyon encountered. BC Studies 94 : 5-28.",http://ojs.library.ubc.ca.ezproxy.library.uvic.ca/index.php/bcstudies/issue/view/212,
NIB,population,NIB_wynnokeds1992vanregionthelowermainland39.tif,"Harris, Cole. 1992. The lower mainland 1820-81. In Vancouver & its region., eds. G. Wynn, T. Oke, 38-68. Vancouver: UBC Press.",http://www.worldcat.org/oclc/28150378,
NIB,population,NIB_Wynnokeeds1992VanRegionwinter1977pop.tif,"Harris, Cole. 1992. The lower mainland 1820-81. In Vancouver & its region., eds. G. Wynn, T. Oke, 38-68. Vancouver: UBC Press.",http://www.worldcat.org/oclc/28150378,
664,reserves_homesteads_ab,664_Grorsline1992shadowsofourancestorskallamreserves1stpageinsert.tif,"Gorsline, Jerry. 1992. Shadows of our ancestors: Readings in the history of klallam-white relations. Port Townsend: Empty Bowl.",http://www.worldcat.org/oclc/26080525,
747,reserves_homesteads_ab,747_Kew1970phdcscermoniallifevanarearesep10.tif,"Kew, Michael. 1970. Coast salish ceremonial life: Status and identity in a modern village.Department of Anthropology, University of Washington",http://www.researchgate.net/publication/34899621_Coast_salish_ceremonial_life__Status_and_identity_in_a_modern_village_,
785,reserves_homesteads_ab,785_Lutz1999relatingtothecount.tif,"Lutz, John. 1999. 'Relating to the country': The lekwammen and the extension of european settlement, 1843-1911. In Beyond the city limits: Rural history in british columbia., ed. R. W. Sandwell, 17-32. Vancouver: UBC Press.",http://site.ebrary.com.ezproxy.library.uvic.ca/lib/uvic/detail.action?docID=10139122&lpg=17,
883,reserves_homesteads_ab,883_simonsendavishaggarty1995saninstudyrepooffnconsulsanresp3.tif,"Simonsen, Bjorn, Alison Davis, and James Haggarty. 1995. Saanich inlet study: Report on first nations consultation. Victoria: Ministry of Environment, Lands and Parks Water Quality Branch.",http://www.env.gov.bc.ca/wat/wq/saanich/sisrofnc.html,
1013,reserves_homesteads_ab,1013_wray1997olympicnatnlparkethonooverviewandassessmentfishingplacesinsertpartssssss.tif,"Wray, Jacilee. 1997. Olympic national park. ethnographic overview and assessment. Olympic National Park.",http://www.worldcat.org/oclc/86131577,
1013,reserves_homesteads_ab,1013_wray1997olympnatnparkethnooverassolyppenn.tif,"Wray, Jacilee. 1997. Olympic national park. ethnographic overview and assessment. Olympic National Park.",http://www.worldcat.org/oclc/86131577,
1026,reserves_homesteads_ab,1026_grdon2008nonreservationstsalndsp55.tif,"Gordon, Katherine. 2008. No Reservations. Canadian Geographic 128, (2): 49",http://www.canadiangeographic.ca/magazine/apr08/feature_tsawwassen.asp,
1066,reserves_homesteads_ab,1066_turnerandhebda1990contuseofbarkvanisresp61.tif,"Turner, Nancy J., and Richard J. Hebda. 1990. Contemporary use of bark for medicine by two salishan native elders of southeast vancouver island, canada. Journal of Ethnopharmacology 29 : 59-72.",http://www.sciencedirect.com/science/article/pii/037887419090098E,
1089,reserves_homesteads_ab,1089_Carlson2010poppotvalereserves.tif,"Carlson, Keith Thor. 2010. The power of place, the problem of time: Aboriginal identity and historical consciousness in the cauldron of colonialism. Toronto: University of Toronto Press.",http://www.utppublishing.com/The-Power-of-Place-the-Problem-of-Time-Aboriginal-Identity-and-Historical-Consciousness-in-the-Cauldron-of-Colonialism.html,
1089,reserves_homesteads_ab,1089_Carlsonpoppotlowerfraserriverpg.tif,"Carlson, Keith Thor. 2010. The power of place, the problem of time: Aboriginal identity and historical consciousness in the cauldron of colonialism. Toronto: University of Toronto Press.",http://www.utppublishing.com/The-Power-of-Place-the-Problem-of-Time-Aboriginal-Identity-and-Historical-Consciousness-in-the-Cauldron-of-Colonialism.html,
1089,reserves_homesteads_ab,1089_Carlsonpoppotvancouverareareserves.tif,"Carlson, Keith Thor. 2010. The power of place, the problem of time: Aboriginal identity and historical consciousness in the cauldron of colonialism. Toronto: University of Toronto Press.",http://www.utppublishing.com/The-Power-of-Place-the-Problem-of-Time-Aboriginal-Identity-and-Historical-Consciousness-in-the-Cauldron-of-Colonialism.html,
1089,reserves_homesteads_ab,1089_Carlton2010powerofplaceoftimechiliwackareareservs.tif,"Carlson, Keith Thor. 2010. The power of place, the problem of time: Aboriginal identity and historical consciousness in the cauldron of colonialism. Toronto: University of Toronto Press.",http://www.utppublishing.com/The-Power-of-Place-the-Problem-of-Time-Aboriginal-Identity-and-Historical-Consciousness-in-the-Cauldron-of-Colonialism.html,
1163,reserves_homesteads_ab,1163_Mooney1974phdurbanandreseveindianeconomicsgvt.tif,"Mooney, Kathleen. 1974. Urban and reserve indian economics and domestic organization. Ph.D., University of Michigan.",http://www.worldcat.org/oclc/15828380,
1167,reserves_homesteads_ab,1167_mitchel1976phdthesiswomenpovandhousetsartlipreserp44.tif,"Mitchell, Marjorie. 1976. Women, poverty and housing: Some consequences of hinterland status for a coast salish indian reserve in metropolitan canada. Ph.D., University of British Columbia.",https://circle.ubc.ca/handle/2429/20097,
1167,reserves_homesteads_ab,1167_mitchel1976phdthesiswomenpovertyandhousingsouthvanislandresp69.tif,"Mitchell, Marjorie. 1976. Women, poverty and housing: Some consequences of hinterland status for a coast salish indian reserve in metropolitan canada. Ph.D., University of British Columbia.",https://circle.ubc.ca/handle/2429/20097,
1167,reserves_homesteads_ab,1167_mitchell1976phdthesiswomenpovertyandhouseingsaanichrserve.tif,"Mitchell, Marjorie. 1976. Women, poverty and housing: Some consequences of hinterland status for a coast salish indian reserve in metropolitan canada. Ph.D., University of British Columbia.",https://circle.ubc.ca/handle/2429/20097,
3339,reserves_homesteads_ab,3339_Egan2013towardsharedownershipsevanisresp39.tif,"Egan, Brian. 2013. Towards shared ownership: Property, geography, and treaty making in british columbia. Geografiska Annaler: Series B, Human Geography 95 (1): 33.",http://onlinelibrary.wiley.com/doi/10.1111/geob.12008/abstract,
3339,reserves_homesteads_ab,3339_egan2013towardsharedownershiptwassen.tif,"Egan, Brian. 2013. Towards shared ownership: Property, geography, and treaty making in british columbia. Geografiska Annaler: Series B, Human Geography 95 (1): 33.",http://onlinelibrary.wiley.com/doi/10.1111/geob.12008/abstract,
ND,reserves_homesteads_ab,ND_AttourGen_2007_HulqTreatyGroup_ChemainRes_p47.jpg,"Hul'qumi'num Treaty Group. 2007. Review of ethnographic, historical and archaeological resources: Cowichan, lake cowichan, halalt, chemainus, lyackson, penelakut and hwlitsum first nations.Ministry of Attorney General, Legal Services Branch, Aboriginal Division, .",,
ND,reserves_homesteads_ab,ND_Bierwert_1986_PhD_TraceryInTheMidlines_ScowlitzAndSkowkaleReserve_Pp216.jpg,"Bierwert, Crisca. 1986. Tracery in the mistlines: A semiotic account of sto:Lo culture.Department of Anthropology, University of Washington.",http://www.worldcat.org/oclc/15125448,
ND,reserves_homesteads_ab,ND_Bierwert_1986_PhD_TraceryInTheMidlines_SeabirdIsReserve_Pp217.jpg,"Bierwert, Crisca. 1986. Tracery in the mistlines: A semiotic account of sto:Lo culture.Department of Anthropology, University of Washington.",http://www.worldcat.org/oclc/15125448,
ND,reserves_homesteads_ab,ND_Bierwert_1986_PhD_TraceryInTheMidlines_ShwahReserve_Pp218.jpg,"Bierwert, Crisca. 1986. Tracery in the mistlines: A semiotic account of sto:Lo culture.Department of Anthropology, University of Washington.",http://www.worldcat.org/oclc/15125448,
ND,reserves_homesteads_ab,ND_Mitchell_1976_PhDThesis_WomenPovertyAndHousing_TsartlipReserveBoundaries1971_pp49.jpg,"Mitchell, Marjorie. 1976. Women, poverty and housing: Some consequences of hinterland status for a coast salish indian reserve in metropolitan canada. Ph.D., University of British Columbia.",https://circle.ubc.ca/handle/2429/20097,
ND,reserves_homesteads_ab,ND_Richardson_1979_LonghousestoHomesteads_NooksackPermanentSettleandHomesteads_p10.jpg,"Richardson, Allan. 1979. Longhouses to homesteads: Nooksack indian settlement, 1820 to 1895. American Indian Journal 5 (8): 8-12.",http://heinonline.org.ezproxy.library.uvic.ca/HOL/Page?handle=hein.journals/amindj5&collection=journals&page=8,
ND,reserves_homesteads_ab,ND_Roberts_1975_PhD_AHistoryoftheSwinomish_SwinomishReserveAllotments_Pp235.jpg,"Roberts, Natalie. 1975. A history of the swinomish tribal community. Ph.D., University of Washington.",https://digital.lib.washington.edu/researchworks/handle/1773/6456,
ND,reserves_homesteads_ab,ND_Smith_1949_IndiansOfUrbanNW_SeabirdRes_Pp186.jpg,"Smith, Marian. 1949. The indians and modern society. In Indians of the urban northwest., ed. Marian Smith, 3-18. New York: Columbia University Press.",http://www.worldcat.org/oclc/29324,
ND,reserves_homesteads_ab,ND_Smith_1969_ThePuyallup-Nisqually_PuyallupReservation_Pp46.jpg,"Smith, Marian. 1940. The puyallup-nisqually. New York: Columbia University Press.",http://www.worldcat.org/oclc/16193,
ND,reserves_homesteads_ab,ND_Wilke_2002_OneTooMany_MAThesis_Nanaimo1860_pp107.jpg,"Wilke, Heather Lee. 2006. One too many: Imbibing and resistance in the cowichan indian agency, 1888-1899. Master of Arts., University of Victoria.",http://dspace.library.uvic.ca/handle/1828/2184?show=full,
ND,reserves_homesteads_ab,ND_Wray_1997_OlympicNatnlParkEthnoOverviewAndAssessment_fishingplaces_insert_p105.jpg,"Wray, Jacilee. 1997. Olympic national park. ethnographic overview and assessment. Olympic National Park.",http://www.worldcat.org/oclc/86131577,
NIB,reserves_homesteads_ab,NIB_Carlson1997thestolocanapaccoasthiststoloreserve.tif,"Carlson, Keith Thor. 1997. You are asked to witness: The stó:Lo in canada's pacific coast history. Chilliwack: Stó:lo Heritage Trust.",http://www.worldcat.org/oclc/36337774,
498,reserves_homesteads_rep,498_brown2005fishforthemselvesstolotraterrp243.tif,"Brown, Kimberly Linkous. 2005. ""To fish for themselves"": A study of accomodation and resistance in the sto:Lo fishery.University of British Columbia.",http://circle.ubc.ca/handle/2429/17278,
529,reserves_homesteads_rep,529_bennet1971indianfishingfraserindiansp5.tif,"Bennett, Marilyn G., Union of British Columbia Indian Chiefs, and Canada. Fisheries Service. Pacific Region. 1973. Indian fishing and its cultural importance in the fraser river system. Vancouver? B.C.: Fisheries Service, Pacific Region, and Union of British Columbia Indian Chiefs,",http://www.worldcat.org/oclc/7534105,
909,reserves_homesteads_rep,909_suttles1954postcontactculturelummilummireservationp60.tif,"Suttles, Wayne. 1954. Post-contact culture change among the lummi indians. British Columbia Historical Quarterly 18 (1-2): 29-102.",http://bchistory.library.ubc.ca/?db=bchf,
995,reserves_homesteads_rep,995_wells1987thechilliwacksandtheirneighbourslandmarksfrominterviewsp14.tif,"Wells, Oliver. 1987. The chilliwacks and their neighbors. Vancouver: Talonbooks.",http://www.worldcat.org/oclc/576522618,
1026,reserves_homesteads_rep,1026_gordon2008noreservationstsawresp55.tif,"Gordon, Katherine. 2008. NO RESERVATIONS. Canadian Geographic 128, (2): 49",http://www.canadiangeographic.ca/magazine/apr08/feature_tsawwassen.asp,
1026,reserves_homesteads_rep,1026_gordon2008noreservationtsalandsp55.tif,"Gordon, Katherine. 2008. NO RESERVATIONS. Canadian Geographic 128, (2): 49",http://www.canadiangeographic.ca/magazine/apr08/feature_tsawwassen.asp,
1161,reserves_homesteads_rep,1161_roberts1975phdahistoryoftheswinomishswinomishreservep230.tif,"Roberts, Natalie. 1975. A history of the swinomish tribal community. Ph.D., University of Washington.",https://digital.lib.washington.edu/researchworks/handle/1773/6456,
741,traditional_territory_bounded_band,741_kennedyandbouchard1083sliammonlifeterritoriesp15.tif,"Kennedy, Dorothy, and Randy Bouchard. 1983. Sliammon life, sliammon lands. Vancouver: Talonbooks.",http://www.worldcat.org/oclc/654295615,
1168,traditional_territory_bounded_band,1168_roy1999makinghistoryvisiblemusqueamplacena.tif,"Roy, Susan. 1999. Making history visible: Culture and politics in the presentation of musqueam history. MA., Simon Fraser University.",http://www.collectionscanada.gc.ca/obj/s4/f2/dsk1/tape9/PQDD_0027/MQ51462.pdf,
ND,traditional_territory_bounded_band,ND_AttourGen_2007_OralHistHalatTerr_p41.jpg,"Hul'qumi'num Treaty Group. 2007. Review of ethnographic, historical and archaeological resources: Cowichan, lake cowichan, halalt, chemainus, lyackson, penelakut and hwlitsum first nations.Ministry of Attorney General, Legal Services Branch, Aboriginal Division, .",,
ND,traditional_territory_bounded_band,ND_MohsEtAl_2008_Kweh-kwuch-Hum(MtWoodside)SpiritualForestMgmt_ChealisBandTradTerritory_Pp7.jpg,"Gordon Mohs, 2008. Kweh-Kwuch-Hum (Mt.Woodside) Spiritual Areas and Forest Management. A Policy Pilot Project by the Chehalis Indian Band and the Chilliwack Forest District. Retrieved from https://www.for.gov.bc.ca/dck/Stewardship/KKH%20Final%20Report.pdf.",https://www.for.gov.bc.ca/dck/Stewardship/KKH%20Final%20Report.pdf,
NIB,traditional_territory_bounded_band,NIB_cowichanplacenamesmaplegal.tif,"Cowichan Tribes. 1999. Cowichan Tribes Ancestral Territory. Map produced by Davenport Maps Limited for Cowichan Tribes. Cowichan Tribes, Duncan BC.",,
NIB,traditional_territory_bounded_band,ND_BCEA_2008_ChemWellsProj_HalaltCoreandSharedTerr_p70.tif,"British Columbia Environmental Assessment Office. 2009. Chemainus wells project, assessment report With Respect to the Application by the District of North Cowichan, page 70.",http://a100.gov.bc.ca/appsdata/epic/documents/p221/d28907/1236701035065_65f5d6d331adcff479a7e7975ec9a9006f813507101dcc719a459a7f7612d3ae.pdf,
502,traditional_territory_bounded_culture_area,502_deur1999salmonsedentandcultnwctribaldistrib131.tif,"Deur, Douglas. 1999. Salmon, sedentism, and cultivation: Towards an environmental prehistory of the northwest coast. In Northwest lands, northwest people: Readings in environmental history., ed. Goble, Dale and Paul Hirt, 129-155. Seattle, WA: University of Washington Press.",http://www.washington.edu/uwpress/search/books/GOBNOC.html,
529,traditional_territory_bounded_culture_area,529_bennet1971indianfishingfraserrethnicdivp6.tif,"Bennett, Marilyn. 1975. Indian fishing and its cultural importance in the fraser river system. Vancouver: Union of B.C. Indian Chiefs and Department of Environment.",http://www.worldcat.org/oclc/7534105,
529,traditional_territory_bounded_culture_area,529_bennet1971indianfishinggeogregionsp10.tif,"Bennett, Marilyn. 1975. Indian fishing and its cultural importance in the fraser river system. Vancouver: Union of B.C. Indian Chiefs and Department of Environment.",http://www.worldcat.org/oclc/7534105,
773,traditional_territory_bounded_culture_area,773_leece1998mathesiscsmoutaingoathorncracletscsregionp151.tif,"Leece, Robert D. 1995. Coast salish mountain goat horn bracelets: Evidence of change and continuity in coast salish art production and use during the early contact period on the northwest coast of america.University of Victoria.",http://www.collectionscanada.gc.ca/obj/s4/f2/dsk2/ftp01/MQ37410.pdf,
782,traditional_territory_bounded_culture_area,782_lincoln1991coastsalishcanoestylep23.tif,"Lincoln, Leslie. 1991. Coast salish canoes. Seattle: Center for Wooden Boats",http://www.worldcat.org/oclc/27722998,
897,traditional_territory_bounded_culture_area,897_smith1967cultureareaandculturedepthbellacoolaterrp87.tif,"Smith, Marian. 1967. Culture area and culture depth: With data from the northwest coast. In Indian tribes of aboriginal north america: Selected papers of the XXIXth international congress of americanists., ed. Sol Tax, 80-96. New York: Cooper Square Publishers.",http://www.worldcat.org/oclc/747334875,
1073,traditional_territory_bounded_culture_area,1073_miller2007beofgoodmindcsterritoryp1.tif,"Miller, Bruce Granville, ed. 2007. Be of good mind: Essays on the coast salish. Vancouver, BC: UBC Press.",http://www.worldcat.org/oclc/84387335,
1172,traditional_territory_bounded_culture_area,1172_angelbeckmclay2011battlemaplebaycsterrtoryp362.tif,"Angelbeck, Bill and Eric McLay, 2011 - The Battle at Maple Bay: The Dynamics of Coast Salish Political Organization through Oral Histories. Ethnohistory. Volume 58 Number 3:359-392.",http://ethnohistory.dukejournals.org/content/58/3/359.abstract,
NIB,traditional_territory_bounded_culture_area,NIB_arrowsmith1857a6mapnam.tif,"Arrowsmith, John. 1857. Aboriginal Map of North America denoting Boundaries and the locations of various Indian tribes. Glenbow Archives G3301 E1 1857 A779. Reprinted in British Columbia: A New Historical Atlas p . 10. D&M Publishers Inc., Vancouver, BC.",http://www.worldcat.org/oclc/788236916,
NIB,traditional_territory_bounded_culture_area,NIB_bcheritageseriesoutnativeppless1v2coastsalishtraditionaltarritory.tif,"Pickford, A. E., and A. F. Flucke. 1952. Our native peoples, british columbia heritage series, volume 2 coast salish. Victoria: Province of British Columbia Department of Education.",http://www.worldcat.org/oclc/5509124,
NIB,traditional_territory_bounded_culture_area,NIB_indianaffairs1072geogdivoftheindians.tif,"Office of the Superintendent of Indian Affairs. 1872. Map of British Columbia Being a Geographical Division of the Indians of the Province According to their Nationality or Dialect. Library and Archives Canada NMC 119561. in British Columbia: A New Historical Atlas. Ed. Derek Hayes. D&M Publishers Inc. Vancouver, BC. ",http://www.worldcat.org/oclc/788236916,
NIB,traditional_territory_bounded_culture_area,NIB_Indianaffairs1972geogdivoftheindianssalishcrop.tif,"Office of the Superintendent of Indian Affairs. 1872. Map of British Columbia Being a Geographical Division of the Indians of the Province According to their Nationality or Dialect. Library and Archives Canada NMC 119561. in British Columbia: A New HIstorical Atlas. Ed. Derek Hayes. D&M Publishers Inc. Vancouver, BC. ",http://www.worldcat.org/oclc/788236916,
NIB,traditional_territory_bounded_culture_area,NIB_twedeellandkimballtaylorgravertseds1984northpacificculturesp.tif,"Twedell, Colin E. 1984. A componential analysis of the criteria defining an indian ""tribe"" in western Washington. In Western Washington Indian Socio-Economics: Papers in Honor of Angelo Anastasio. Eds Herbert C. Taylor Jr. and Garland F. Grabert, pp. P61-",http://www.worldcat.org/oclc/11894505,
508,traditional_territory_bounded_tribal,508_amoss1978coastsalishspiritdancingnooksackterrp2.tif,"Amoss, Pamela. 1982. Resurrection, healing, and 'the shake': The story of john and mary slocum. In Charisma & sacred biography., ed. Michael Williams, 87-109. Chambersburg: American Academy of Religious Studies.",http://www.worldcat.org/oclc/3870465,
552,traditional_territory_bounded_tribal,552_bouchardandkennedy1995reviewofnativeindianhistorycraigbayareamuseummap.tif,"Randy Bouchard, ""A Review of the Native Indian History of the Craig Bay Area, Parksville, B.C"" 1995) (accessed 1/26/2011).",http://www.sfu.ca/kbipinch/records/485/,
552,traditional_territory_bounded_tribal,552_bouchardandkennedy1995revofnatindhiscraigbay3rdinlist.tif,"Randy Bouchard, ""A Review of the Native Indian History of the Craig Bay Area, Parksville, B.C"" 1995) (accessed 1/26/2011).",http://www.sfu.ca/kbipinch/records/485/,
552,traditional_territory_bounded_tribal,552_Bouchardandkennedy1995revofnatindhiscraigbayareaoldboastpart2.tif,"Randy Bouchard, ""A Review of the Native Indian History of the Craig Bay Area, Parksville, B.C"" 1995) (accessed 1/26/2011).",http://www.sfu.ca/kbipinch/records/485/,
552,traditional_territory_bounded_tribal,552_bouchardandkennedy1995revofnatindhistcraigbayareaolboasmappart1.tif,"Randy Bouchard, ""A Review of the Native Indian History of the Craig Bay Area, Parksville, B.C"" 1995) (accessed 1/26/2011).",http://www.sfu.ca/kbipinch/records/485/,
618,traditional_territory_bounded_tribal,618_Duff1952.tif,"Duff, Wilson. 1952. The upper stalo indians of the fraser valley, british columbia. Victoria: British Columbia Provincial Museum.",http://searcharchives.vancouver.ca/upper-stalo-indians-of-fraser-valley-british-columbia,
634,traditional_territory_bounded_tribal,634_elmendorf1989nwcskokomishtwanacommunp77.tif,"Elmendorf, William W. 1989. Northwest coast: Skokomish. In Witchcraft & sorcery of the american native peoples., ed. Deward Walker, 75-111. Moscow: University of Idaho Press.",http://www.worldcat.org/oclc/20628133,
652,traditional_territory_bounded_tribal,652_gallaway1983.tif,"Galloway, Brent. 1983. Nooksack place names: An ethnohistorical and linguistic approach. In Paper presented at the 18th international conference on salish and neighboring languages.ICSNL.",http://www.worldcat.org/oclc/55656050,
658,traditional_territory_bounded_tribal,658_gibbsweserwashington1854.tif,"Gibbs, George. 1877. Tribes of western washington and northwestern oregon published with extensive vocabularies. In Tribes of the extreme northwest, contributions to north american ethnology #1., ed. W. H. Dale, 163-361. Washington: United States Geographical and Geological Survey of the Rocky Mountain Region.",http://www.worldcat.org/oclc/2179994,
675,traditional_territory_bounded_tribal,675_Haeberlinandgunther1975indiansofpugsountribdistrp8.tif,"Haeberlin, Herman, and Erna Gunther. 1930. The indians of puget sound. Seattle: University of Washington Press.",http://www.worldcat.org/oclc/742363,http://web.uvic.ca/~jlutz/pdf/Lutz_Relating_to-Country.pdf
785,traditional_territory_bounded_tribal,785_lultz1999relatingtocountrylekwammenterrp20.tif,"Lutz, John. 1999. 'Relating to the country': The lekwammen and the extension of european settlement, 1843-1911. In Beyond the city limits: Rural history in british columbia., ed. R. W. Sandwell, 17-32. Vancouver: UBC Press.",http://www.ubcpress.ca/search/title_book.asp?BookID=1296,
818,traditional_territory_bounded_tribal,818_miller1992nativehealingpsoundlushootseedareap1.tif,"Miller, Jay. 1992. Native healing in puget sound. Caduceus: A Museum Journal for the Health Sciences 8 (3): 1-15.",https://archive.org/stream/caduceusmuse831992unse#page/n3/mode/2up,
834,traditional_territory_bounded_tribal,834_olsen1962wateroverthewheelhistoricchemaninusvalleyfrontinsert.tif,"Olsen, W. H. 1963. Water over the wheel. Chemainus: Chemainus Valley Historical Society.",http://www.worldcat.org/oclc/7457601,
860,traditional_territory_bounded_tribal,860_richardson1979nooksaklonghousehomsteads.tif,"Richardson, Allan. 1979. Longhouses to homesteads: Nooksack indian settlement, 1820 to 1895. American Indian Journal 5 (8): 8-12.",http://heinonline.org.ezproxy.library.uvic.ca/HOL/Page?handle=hein.journals/amindj5&collection=journals&page=8,
871,traditional_territory_bounded_tribal,871_rozen1985redreawn.tif,"Rozen, David. 1985. Place-names of the island halkomelem indian people.UBC Department of Anthropology and Sociology.",http://www.worldcat.org/oclc/16047149,
904,traditional_territory_bounded_tribal,904_stern1934thelummindiansofnwwashingtonp125.tif,"Stern, Bernhard. 1934. The lummi indians of northwest washington. New York: Columbia University Press.",http://www.worldcat.org/oclc/891418430,
908,traditional_territory_bounded_tribal,908_suttles1951redrawn.tif,"Suttles, Wayne. 1974. The economic life of the coast salish of haro and rosario straits. New York: Garland Publishing Inc. Redrawn in Thom, Brian. 2005. Coast Salish Senses of Place: Dwelling, meaning, power, property and terriotry in the Coast Salish World.",http://digitool.library.mcgill.ca/R/?func=dbin-jump-full&object_id=85209&local_base=GEN01-MCG02,
912,traditional_territory_bounded_tribal,912_suttles1974coastsaiilishandwesterwashindiaandterrp60.tif,"Suttles, Wayne. 1974. The economic life of the coast salish of haro and rosario straits. New York: Garland Publishing Inc.",http://www.worldcat.org/oclc/22946386,
915,traditional_territory_bounded_tribal,915_suttles1982productivityanditsconstraintscentralcoastsalishp68.tif,"Suttles, Wayne. 1982. The Halkomelem Sxwayxwey. American Indian Art Magazine, 8, 56-65.",http://www.worldcat.org/oclc/417558560,
953,traditional_territory_bounded_tribal,953_thrushandkeller1997iseewhatihavedoneskallamp173.tif,"Thrush, Coll-Peter, and Robert H. Jr Keller. 1997. 'I see what I have done': The life and murder trial of xwelas, a S'klallam woman. In Writing the range: Race, class, & culture in the women's west., ed. Susan Armitage, 172-187. Norman: University of Oklahoma Press.",http://www.jstor.org/stable/970187?seq=1#page_scan_tab_contents,
1013,traditional_territory_bounded_tribal,1013_wray1997.tif,"Wray, Jacilee. 1997. Olympic national park. ethnographic overview and assessment. Olympic National Park.",http://www.worldcat.org/oclc/86131577,
1060,traditional_territory_bounded_tribal,1060_rozen1976teachersguidetoindiantalesnwbcnativedistribofth.tif,"Rozen, David. 1976. Teacher's guide to indian tales of the northwest. Vancouver, BC: CommCept Publishing Ltd.",http://www.worldcat.org/oclc/15838182,
1073,traditional_territory_bounded_tribal,1073_miller2007beofgoodmindstolotraditionalterritoryp247.tif,"Miller, Bruce Granville, ed. 2007. Be of good mind: Essays on the coast salish. Vancouver, BC: UBC Press.",http://www.ubcpress.ca/search/title_book.asp?BookID=4604,
1073,traditional_territory_bounded_tribal,1073_miller2007beofgoodmindteittribalboundariesp172.tif,"Miller, Bruce Granville, ed. 2007. Be of good mind: Essays on the coast salish. Vancouver, BC: UBC Press.",http://www.ubcpress.ca/search/title_book.asp?BookID=4604,
1089,traditional_territory_bounded_tribal,1089_carlton2010powerofplaceproblemoftimechilliwackp119.tif,"Carlson, Keith Thor. 2010. The power of place, the problem of time: Aboriginal identity and historical consciousness in the cauldron of colonialism. Toronto: University of Toronto Press.",http://www.utppublishing.com/The-Power-of-Place-the-Problem-of-Time-Aboriginal-Identity-and-Historical-Consciousness-in-the-Cauldron-of-Colonialism.html,
1120,traditional_territory_bounded_tribal,1120_Adamson2009folktalesofthecoastsaliswashtribinsidefrontcover.tif,"Adamson, Thelma, ed. 2009. Folk-tales of the coast salish. Lincoln: University of Nebraska Press.","https://www.nebraskapress.unl.edu/product/Folk-Tales-of-the-Coast-Salish,674152.aspx",
1161,traditional_territory_bounded_tribal,1161_roberts1975p47.tif,"Roberts, Natalie. 1975. A history of the swinomish tribal community. Ph.D., University of Washington.",https://digital.lib.washington.edu/researchworks/handle/1773/6456,
1161,traditional_territory_bounded_tribal,1161_roberts1975phdahistoryoftheswinomishskaitregionp22.tif,"Roberts, Natalie. 1975. A history of the swinomish tribal community. Ph.D., University of Washington.",https://digital.lib.washington.edu/researchworks/handle/1773/6456,
1231,traditional_territory_bounded_tribal,1231_boas1887redrawn.tif,"Boas, Franz. 1887. The coast tribes of british columbia. Science 9 (216): 288-9.",http://www.jstor.org/stable/1763502?seq=3#page_scan_tab_contents,
,traditional_territory_bounded_tribal,elmenandkroeber1992structureoftwanaculturetwanaterritoryp49.tif,"Elmendorf, William. 1993. Twana narratives: Native historical accounts of a coast salish culture. Seattle: University of Washington Press.",http://www.worldcat.org/oclc/27186817,
,traditional_territory_bounded_tribal,elmendofandkrober1992structureoftwanaculturetwanalocationp2.tif,"Elmendorf, William. 1993. Twana narratives: Native historical accounts of a coast salish culture. Seattle: University of Washington Press.",http://www.worldcat.org/oclc/27186817,
,traditional_territory_bounded_tribal,elmendorfandkroeber1992structureoftwannacultureadjacentethicalandlinguisticp185.tif,"Elmendorf, William. 1993. Twana narratives: Native historical accounts of a coast salish culture. Seattle: University of Washington Press.",http://www.worldcat.org/oclc/27186817,
ND,traditional_territory_bounded_tribal,ND_BouchardAndKennedy_1995_ReviewOfNativeIndianHistoryCraigBayArea_MuseumMap_Part1_Pp92.jpg,"Randy Bouchard, ""A Review of the Native Indian History of the Craig Bay Area, Parksville, B.C"" 1995) (accessed 1/26/2011).",http://www.sfu.ca/kbipinch/records/485/,
ND,traditional_territory_bounded_tribal,ND_Carlson_1997_NativeStudies_StolTradTerrLingBounds_p13.jpg,"Carlson, Keith Thor. 1997. You are asked to witness: The stó:Lo in canada's pacific coast history. Chilliwack: Stó:lo Heritage Trust.",http://www.worldcat.org/oclc/36337774,
ND,traditional_territory_bounded_tribal,ND_Coull_1996_ATravellersGuideToAboriginalBC_AboriginalBritishColumbia_ppX.jpg,"Coull, Cheryl, 1957. 1996. A traveller's guide to aboriginal B.C. Vancouver; Victoria, BC: Beautiful British Columbia Magazine,",http://www.worldcat.org/oclc/609356387,
NIB,traditional_territory_bounded_tribal,NIB_attourngen2007hulqtreatygroupreddrawbasthalaterrp40.tif,"Hul'qumi'num Treaty Group. 2007. Review of ethnographic, historical and archaeological resources: Cowichan, lake cowichan, halalt, chemainus, lyackson, penelakut and hwlitsum first nations.Ministry of Attorney General, Legal Services Branch, Aboriginal Division, .",,
NIB,traditional_territory_bounded_tribal,NIB_coul1996atravellersguittoabbc.tif,"Coull, Cheryl, 1957. 1996. A traveller's guide to aboriginal B.C. Vancouver; Victoria, BC: Beautiful British Columbia Magazine,",http://www.worldcat.org/oclc/609356387,
NIB,traditional_territory_bounded_tribal,NIB_joejoeandrozenndplacenamesofquwutsunpeoplditidahttradte.tif,"Rozen, David. 1985. Place-names of the island halkomelem indian people.UBC Department of Anthropology and Sociology.",http://www.worldcat.org/oclc/16047149,
NIB,traditional_territory_bounded_tribal,NIB_jointtitleboas1887.tif,"Boas, Franz. 1887. Nach eigenen Forschungen gezeichnet. Petermann's Geogr. Mitteiln. Tafel 7. Gotha: Justus Perthes",,
NIB,traditional_territory_bounded_tribal,NIB_mouney1594distributionoftribes.tif,"Mooney, James. 1894. Distirbution of Tribes of the Upper Columbia Region in Washington, Oregon and Idaho: including all those of Smohalla and Shaker religions. University of Washington Map Libraries umw112. Reprinted in Historical Atlas of Washington & Oregon, p.11. Ed. Derek Hayes. University of California Press.",http://www.worldcat.org/oclc/712114202,
NIB,traditional_territory_bounded_tribal,NIB_Mouney1594distributionoftribessalishcrop.tif,"Mooney, James. 1894. Distirbution of Tribes of the Upper Columbia Region in Washington, Oregon and Idaho: including all those of Smohalla and Shaker religions. University of Washington Map Libraries umw112. In Hisotrical Atlas of Washington & Oregon, p.11. Ed. Derek Hayes. University of California Press.",http://www.worldcat.org/oclc/712114202,
NIB,traditional_territory_bounded_tribal,NIB_powell1876indtribesofwashterritory.tif,"Powell, John and the Department of the Interior. 1876. Map showig the distribution of th eIndian tribes of Washington Territory. National Oceanic and Atmospheric Administration Central Library. In Hisotrical Atlas of Washington & Oregon, p.11. Ed. Derek Hayes. University of California Press.",,
NIB,traditional_territory_bounded_tribal,NIB_richarsonandgalloway2011nooksackplacnames.tif,"Galloway, Brent. 1983. Nooksack place names: An ethnohistorical and linguistic approach. In Paper presented at the 18th international conference on salish and neighboring languages.ICSNL.",http://www.worldcat.org/oclc/55656050,
NIB,traditional_territory_bounded_tribal,NIB_Twedell1984ComponentialAnalysisofTribe_p71.tif,"Twedell, Colin E. 1984. A componential analysis of the criteria defining an indian ""tribe"" in western Washington. In Western Washington Indian Socio-Economics: Papers in Honor of Angelo Anastasio. Eds Herbert C. Taylor Jr. and Garland F. Grabert, pp. P61-80.",http://www.worldcat.org/oclc/11894505,
911,traditional_territory_unbounded_bands,911_suttles1957middlefraserctrlnwcoasttribalboundariesp158.tif,"Suttles, Wayne. 1957. The 'middle fraser' and 'foothill' cultures: A criticism. Southwestern Journal of Anthropology 13 : 156-83.",http://www.jstor.org.ezproxy.library.uvic.ca/stable/3629105?seq=1#page_scan_tab_contents,
911,traditional_territory_unbounded_bands,911_suttles1957middlefrasertribesoflowerfraserandgeorgiastraitp159.tif,"Suttles, Wayne. 1957. The 'middle fraser' and 'foothill' cultures: A criticism. Southwestern Journal of Anthropology 13 : 156-83.",http://www.jstor.org.ezproxy.library.uvic.ca/stable/3629105?seq=1#page_scan_tab_contents,
2067,traditional_territory_unbounded_bands,1067_wilke2002onetoomanymathesishulquminumterritroeeiesp106.tif,"Wilke, Heather Lee. 2006. One too many: Imbibing and resistance in the cowichan indian agency, 1888-1899. Master of Arts., University of Victoria.",http://dspace.library.uvic.ca/handle/1828/2184?show=full,
ND,traditional_territory_unbounded_bands,ND_Hudson_1984_ForagingaNewHope_TerritoriesofHopeIndians.jpg,"Hudson, Douglas. 1984. The fraser: Hope's river of romance. In Forging a new hope, struggles and dreams, 1848-1948: A pioneer story of hope, flood, and laidlaw., ed. Hope and District Historical Society, 7-28. Hope, BC: Hope and District Historical Society.",http://www.worldcat.org/oclc/13052846,
NIB,traditional_territory_unbounded_bands,NIB_coul1996atravellersguidetoaboriginalbcshishaldsliammonterrp86.tif,"Coull, Cheryl, 1957. 1996. A traveller's guide to aboriginal B.C. Vancouver; Victoria, BC: Beautiful British Columbia Magazine,",http://www.worldcat.org/oclc/609356387,
NIB,traditional_territory_unbounded_bands,NIB_coull1996atravellersguidetoaboriginalbckwakwakawakwterrp54.tif,"Coull, Cheryl, 1957. 1996. A traveller's guide to aboriginal B.C. Vancouver; Victoria, BC: Beautiful British Columbia Magazine,",http://www.worldcat.org/oclc/609356387,
NIB,traditional_territory_unbounded_bands,NIB_coull1996atravellersguidetoaboriginalbcsquamishterritorryp80.tif,"Coull, Cheryl, 1957. 1996. A traveller's guide to aboriginal B.C. Vancouver; Victoria, BC: Beautiful British Columbia Magazine,",http://www.worldcat.org/oclc/609356387,
NIB,traditional_territory_unbounded_bands,NIB_coull1996atravellersguidtoaboriginalbcnuuchahhutlthterrit.tif,"Coull, Cheryl, 1957. 1996. A traveller's guide to aboriginal B.C. Vancouver; Victoria, BC: Beautiful British Columbia Magazine,",http://www.worldcat.org/oclc/609356387,
NIB,traditional_territory_unbounded_bands,NIB_coull1996travelguidstratsterritoreies.tif,"Coull, Cheryl, 1957. 1996. A traveller's guide to aboriginal B.C. Vancouver; Victoria, BC: Beautiful British Columbia Magazine,",http://www.worldcat.org/oclc/609356387,
489,traditional_territory_unbounded_tribal,489_allen1976intragrougtiespubsoundsalishp162.tif,"Allen, Edwin J. 1976. Intergroup ties and exogamy among northern coast salish. Northwest Anthropological Research Notes 10 (2): 161-72.",,
523,traditional_territory_unbounded_tribal,523_barnett1938coastsalishcanp120.tif,"Barnett, Homer. 1938. The coast salish of canada. American Anthropologist 40 : 118-41.",http://bcheritage.ca/salish/ph2/trad/118.htm,
556,traditional_territory_unbounded_tribal,556_boxberger1993lightningboldtsstoloandlumip3.tif,"Boxberger, Daniel. 1994. Lightning boldts and sparrow wings: A comparison of coast salish fishing rights in british columbia and washington state. Native Studies Review 9 (1): 1-13.",http://iportal.usask.ca/docs/Native_studies_review/v9/issue1/pp1-13.pdf,
677,traditional_territory_unbounded_tribal,577_carlson1997thestoloincanadaspacificcoasthistorycontemporarystoloband.tif,"Carlson, Keith Thor. 1997. You are asked to witness: The stó:Lo in canada's pacific coast history. Chilliwack: Stó:lo Heritage Trust.",http://www.worldcat.org/oclc/36337774,
585,traditional_territory_unbounded_tribal,585_codere1948swaixwemuthkwaliuttandsalishterrp7.tif,"Codere, Helen. 1948. The swai'xwe myth of the middle fraser river: The integration of two northwest coast cultural ideas. Journal of American Folklore 61 (239): 1-18.",http://www.jstor.org/stable/536968?seq=1#page_scan_tab_contents,
622,traditional_territory_unbounded_tribal,622_dufresne1984mathesisthesalishsxwaixwsalishterritoryp207.tif,"Dufresne, Lucie M. 1996. The salish sxwaixwe in historic salish society.University of Ottawa.",https://www.ruor.uottawa.ca/handle/10393/10412,
680,traditional_territory_unbounded_tribal,680_hanson1972ecologyoftaitterrethnicgroupsinfraserp3.tif,"Hanson, Gordon. 1972. The ecology of Tait territory: A multivariate analysis. Unpublished ms., U.B.C. department of anthropology & sociology. Vancouver: UBC Special Collections and Archives.",http://resolve.library.ubc.ca/cgi-bin/catsearch?bid=2772551,
782,traditional_territory_unbounded_tribal,782_lincoln1991coastsalishcanoestribesofthecentralandsouth.tif,"Lincoln, Leslie. 1991. Coast salish canoes. Seattle: Center for Wooden Boats",http://www.worldcat.org/oclc/27722998,
789,traditional_territory_unbounded_tribal,789_maclachlan1988fortlangleyjournalstribelocationsp168.tif,"Maclachlan, Morag. 1998. The fort langley journals 1827-30. Vancouver: UBC Press.",http://www.ubcpress.ca/search/title_book.asp?BookID=518,
853,traditional_territory_unbounded_tribal,853_perez1997cultchangeamongsalishcoastsalishterrp11.tif,"Perez, Deborah K. 1997. Culture change among the coast salish.University of Texas at Arlington",http://www.worldcat.org/oclc/38523060,
861,traditional_territory_unbounded_tribal,861_richardson1982controlprodresourcenwcnwcindgrou.tif,"Richardson, Allan. 1982. The control of productive resources on the northwest coast of north america. In Resource managers: North american and australian hunter-gatheres., ed. Eugene Hunn, 93-112. Boulder: Westview Press.",http://www.worldcat.org/oclc/701149038,
891,traditional_territory_unbounded_tribal,891_smith1949indiansoftheurbannwcsterritoryp5.tif,"Smith, Marian. 1949. The indians and modern society. In Indians of the urban northwest., ed. Marian Smith, 3-18. New York: Columbia University Press.",http://www.worldcat.org/oclc/29324,
910,traditional_territory_unbounded_tribal,910_suttles1986katzieethnonotesp9.tif,"Suttles, Wayne. 1955. Katzie ethnographic notes. Victoria: British Columbia Provincial Museum.",http://www.worldcat.org/oclc/4358004,
1014,traditional_territory_unbounded_tribal,1014_wright1991atimeofgatheringtriballocationssuttles1985p34.tif,"Wright, Robin. 1991. A collection history: Washington native art. In A time of gathering: Native heritage in washington state., ed. Robin Wright, 29-41. Seattle: University of Washington Press.",http://www.worldcat.org/oclc/20993271,
1161,traditional_territory_unbounded_tribal,1161_roberts1975phdahistoryoftheswinomishethnicfieldaroundskagitp26.tif,"Roberts, Natalie. 1975. A history of the swinomish tribal community. Ph.D., University of Washington.",https://digital.lib.washington.edu/researchworks/handle/1773/6456,
1171,traditional_territory_unbounded_tribal,1171_Ebert2011MCthesistowardsabetterunderstandingcssbeateda.tif,"Ebert, Mark. 2001. Towards a better understanding of medical systems and practices: The coast salish sbeAtedaq ceremony and biomedicine. MA., University of Alberta.",http://www.worldcat.org/oclc/49880993,
1192,traditional_territory_unbounded_tribal,1192_swanton1952indiantribesofnacstsalsihtribeboundariesnp.tif,"Swanton, John. 1952. The indian tribes of north america. Washington, DC: US Government Printing Office.",http://catalog.hathitrust.org/Record/000450061,
NIB,traditional_territory_unbounded_tribal,NIB_Twedell1984ComponentialAnalysisofTribe_p71.tif,"Twedell, Colin E. 1984. A componential analysis of the criteria defining an indian ""tribe"" in western Washington. In Western Washington Indian Socio-Economics: Papers in Honor of Angelo Anastasio. Eds Herbert C. Taylor Jr. and Garland F. Grabert, pp. P61-80.",http://www.worldcat.org/oclc/11894505,
NIB,traditional_territory_unbounded_tribal,NIB_gunther19881945ethnobotanofwesternwashingtonindiantribeswesternwashingtonp6.tif,"Gunther, Erna. 1973. Ethnobotany of western washington: The knowledge and use of indigenous plants by native americans. Seattle: University of Washington Press.",https://www.washington.edu/uwpress/search/books/GUNETC.html,
490,use_and_occupancy,490_Aberly_2005map13bendspec.tif,"Aberley, Doug, ed. 2004. Tsartlip and tsawout first nations bioregional resource atlas. Vancouver, BC: UBC School of Communication and Regional Planning.",,
717,use_and_occupancy,717_Hunn1999_squaxintribusealfishinggrounds.tif,"Hunn, Eugene. 1999. Ethnogiology in court: The paradoxes of relativism, authenticity, and advocacy. In Ethnoecology: Knowledge, resources and rights., ed. Bea Blout, 1-11. Athens: University of Georgia Press.",http://faculty.washington.edu/hunn/vitae/ethnobio_in_court_Blount_Gragson.pdf,
912,use_and_occupancy,912_suttles1974csandwwiisamish.tif,"Suttles, Wayne. 1974. The economic life of the coast salish of haro and rosario straits. New York: Garland Publishing Inc.",http://www.worldcat.org/oclc/22946386,
912,use_and_occupancy,912_suttles1974cswwiisaanichfishing.tif,"Suttles, Wayne. 1974. The economic life of the coast salish of haro and rosario straits. New York: Garland Publishing Inc.",http://www.worldcat.org/oclc/22946386,
912,use_and_occupancy,912_suttles1974reefnetandsalmoncourse.tif,"Suttles, Wayne. 1974. The economic life of the coast salish of haro and rosario straits. New York: Garland Publishing Inc.",http://www.worldcat.org/oclc/22946386,
912,use_and_occupancy,912_suttles1974semiahoofishing.tif,"Suttles, Wayne. 1974. The economic life of the coast salish of haro and rosario straits. New York: Garland Publishing Inc.",http://www.worldcat.org/oclc/22946386,
912,use_and_occupancy,912_suttles1974sonishfish.tif,"Suttles, Wayne. 1974. The economic life of the coast salish of haro and rosario straits. New York: Garland Publishing Inc.",http://www.worldcat.org/oclc/22946386,
912,use_and_occupancy,912_suttles1974sookeklallam.tif,"Suttles, Wayne. 1974. The economic life of the coast salish of haro and rosario straits. New York: Garland Publishing Inc.",http://www.worldcat.org/oclc/22946386,
912,use_and_occupancy,912_Suttles1974WwashIlummi.tif,"Suttles, Wayne. 1974. The economic life of the coast salish of haro and rosario straits. New York: Garland Publishing Inc.",http://www.worldcat.org/oclc/22946386,
1161,use_and_occupancy,1161_roberts1975HistorySkagitsalmonruns.tif,"Roberts, Natalie. 1975. A history of the swinomish tribal community. Ph.D., University of Washington.",https://digital.lib.washington.edu/researchworks/handle/1773/6456,
1187,use_and_occupancy,1187_Neary2003CowichanFishingsitesandreserves.tif,"Neary, Kevin. 2003. ""Cowichan Fisheries: A Brief Overview"" (Report prepared for Cowichan Tribes, Duncan, BC., 2003).",,
3345,use_and_occupancy,3345_Norman2013WCTshellfishharviest.tif,"Norman, Emma S. 2013. Who's counting? spatial politics, ecocolonisation and the politics of calculation in boundary bay. Royal Geographical Society 45 (2): 179.",http://onlinelibrary.wiley.com/doi/10.1111/area.12000/abstract,
NIB,use_and_occupancy,NIB_Mohsetal2008kwehkwuchhumsprittualforest.tif,"Gordon Mohs, ""Kweh-Kwuch-Hum (Mt.Woodside) Spiritual Areas and Forest Management A Policy Pilot Project by the Chehalis Indian Band and the Chilliwack Forest District"" 2008),https://www.for.gov.bc.ca/dck/Stewardship/KKH%20Final%20Report.pdf.",https://www.for.gov.bc.ca/dck/Stewardship/KKH%20Final%20Report.pdf,
NIB,use_and_occupancy,NIB_tobias2009herbgeorgemaptawaltun.tif,"Tobias, Terry N., Union of British Columbia Indian Chiefs, and Ecotrust Canada. 2009. Living proof: The essential data-collection guide for indigenous use-and-occupancy map surveys. Vancouver, BC: Ecotrust Canada.",http://www.ubcic.bc.ca/livingproof/index.html#axzz3cgMGWy7E,
NIB,use_and_occupancy,NIB_tobias2009traditionalusesite.tif,"Tobias, Terry N., Union of British Columbia Indian Chiefs, and Ecotrust Canada. 2009. Living proof: The essential data-collection guide for indigenous use-and-occupancy map surveys. Vancouver, BC: Ecotrust Canada.",http://www.ubcic.bc.ca/livingproof/index.html#axzz3cgMGWy7E,
NIB,use_and_occupancy,NIB_tobias2009tseilwaututhallcatgories.tif,"Tobias, Terry N., Union of British Columbia Indian Chiefs, and Ecotrust Canada. 2009. Living proof: The essential data-collection guide for indigenous use-and-occupancy map surveys. Vancouver, BC: Ecotrust Canada.",http://www.ubcic.bc.ca/livingproof/index.html#axzz3cgMGWy7E,
NIB,use_and_occupancy,NIB_tobias2009tsleilwaututhsalmonkillsitesp85.tif,"Tobias, Terry N., Union of British Columbia Indian Chiefs, and Ecotrust Canada. 2009. Living proof: The essential data-collection guide for indigenous use-and-occupancy map surveys. Vancouver, BC: Ecotrust Canada.",http://www.ubcic.bc.ca/livingproof/index.html#axzz3cgMGWy7E,
NIB,use_and_occupancy,NIB_tobiastseilwaututhfishkillsites.tif,"Tobias, Terry N., Union of British Columbia Indian Chiefs, and Ecotrust Canada. 2009. Living proof: The essential data-collection guide for indigenous use-and-occupancy map surveys. Vancouver, BC: Ecotrust Canada.",http://www.ubcic.bc.ca/livingproof/index.html#axzz3cgMGWy7E,
498,village_sites,498_brown2005fishforthemselvesstolo.tif,"Brown, Kimberly Linkous. 2005. ""To fish for themselves"": A study of accomodation and resistance in the sto:Lo fishery.University of British Columbia.",http://circle.ubc.ca/handle/2429/17278,
558,village_sites,523_barnett1938coastsalishcanp120.tif,"Barnett, Homer. 1938. The coast salish of canada. American Anthropologist 40 : 118-41.",http://bcheritage.ca/salish/ph2/trad/118.htm,
596,village_sites,558_boyd2001pdthsschangiscomingcontempklallam44.tif,"Boyd, Colleen E. 2001. Changer is coming: History, identity and the land among the lower elwha klallam tribe of the north olympic peninsula.University of Washington.",http://www.worldcat.org/oclc/48898954,
618,village_sites,596_collins1974valleyofthespiritesupp.tif,"Collins, June. 1974. Valley of the spirits: The upper skagit indians of western washington. Seattle: University of Washington Press.",http://www.worldcat.org/oclc/902984,
665,village_sites,618_duff1953theupperstaloindianschilliwackpilatvillagesandarchsites.tif,"Duff, Wilson. 1952. The upper stalo indians of the fraser valley, british columbia. Victoria: British Columbia Provincial Museum.",http://searcharchives.vancouver.ca/upper-stalo-indians-of-fraser-valley-british-columbia,
717,village_sites,665_grant1857royalgeogjournal27volvanismap.tif,"Grant, W. Colquhoun. 1857. Description of vancouver island. The Journal of the Royal Geographical Society 27 : 268-320.",https://archive.org/details/jstor-1798380,
747,village_sites,717_hunn1999enthnobiocourtsquaxintribfishinggroundsp10.tif,"Hunn, Eugene. 1999. Ethnogiology in court: The paradoxes of relativism, authenticity, and advocacy. In Ethnoecology: Knowledge, resources and rights., ed. Bea Blout, 1-11. Athens: University of Georgia Press.",http://faculty.washington.edu/hunn/vitae/ethnobio_in_court_Blount_Gragson.pdf,
766,village_sites,747_kew1970phdcsceremoniallifecsvillagep145.tif,"Kew, Michael. 1970. Coast salish ceremonial life: Status and identity in a modern village.Department of Anthropology, University of Washington",http://www.researchgate.net/publication/34899621_Coast_salish_ceremonial_life__Status_and_identity_in_a_modern_village_,
795,village_sites,766_lane1953padcomparanalstuudynwcoast.tif,"Lane, Barbara. 1953. A comparative and analytical study of some aspects of northwest coast religion.Department of Anthropology, University of Washington.",https://digital.lib.washington.edu/researchworks/handle/1773/23903,
796,village_sites,795_mathews1955convwthkhaktsahlanoburrardhoweindvillp8.tif,"Matthews, J. S. 1955. Conversations with khatsalahno 1932-1954. Vancouver: Vancouver City Archives.",https://archive.org/details/ConversationsWithKhahtsahlano1932-1954_346,
867,village_sites,796_macdonald1992vanavishistfraserdeltaregion1850p13.tif,"MacDonald, Bruce. 1992. Vancouver: A visual history. Vancouver: Talonbooks.",http://www.worldcat.org/oclc/25870083,
893,village_sites,867_rozen1977halkomenummainindivillag8.tif,"Rozen, David. 1977. Helk’eminem St'iwi7elh: Indian Prayers of Southeast Vancouver Island. Duncan.",http://www.worldcat.org/oclc/500064781,
989,village_sites,893_smith1950nooksackchilliwackand.tif,"Smith, Marian. 1950. The nooksack, the chilliwack and the middle fraser. Pacific Northwest Quarterly 41 (4): 330-41.",http://www.worldcat.org/oclc/5542976417,http://www.jstor.org.ezproxy.library.uvic.ca/stable/40486923?seq=1#page_scan_tab_contents
989,village_sites,989_wells1966squamishlegendsburrardinletp2.tif,"Wells, Oliver, August Jack Khahtsahlano, and Domanic Charlie. 1966. Squamish legends. Vancouver: Charles Chamerlaine & Frank T. Coan.",http://www.worldcat.org/oclc/64824,
1161,village_sites,989_wells1966squamishlegensburrardinletvillagep1.tif,"Wells, Oliver, August Jack Khahtsahlano, and Domanic Charlie. 1966. Squamish legends. Vancouver: Charles Chamerlaine & Frank T. Coan.",http://www.worldcat.org/oclc/64824,
ND,village_sites,1161_roberta1975phdhistoryswinomishwintervillageskagitp48.tif,"Roberts, Natalie. 1975. A history of the swinomish tribal community. Ph.D., University of Washington.",https://digital.lib.washington.edu/researchworks/handle/1773/6456,
ND,village_sites,ND_Kew_1970_PhD_CSCeremonialLife_MusqueamVillage_Pp47.jpg,"Kew, Michael. 1970. Coast salish ceremonial life: Status and identity in a modern village.Department of Anthropology, University of Washington",http://www.researchgate.net/publication/34899621_Coast_salish_ceremonial_life__Status_and_identity_in_a_modern_village_,
ND,village_sites,ND_Macdonald_1992_VancouverAVisualHistory_MusqueamVillage_Pp12.jpg,"MacDonald, Bruce. 1992. Vancouver: A visual history. Vancouver: Talonbooks.",http://www.worldcat.org/oclc/25870083,
ND,village_sites,ND_Neary_2003_CowichanFisheries_ApxB.jpg,"Neary, Kevin. 2003. ""Cowichan Fisheries: A Brief Overview"" (Report prepared for Cowichan Tribes, Duncan, BC., 2003).",,
ND,village_sites,ND_Smith_1949_IndiansOfUrbanNW_BobbChildrenHomestead_Pp226.jpg,"Smith, Marian. 1949. The indians and modern society. In Indians of the urban northwest., ed. Marian Smith, 3-18. New York: Columbia University Press.",http://www.worldcat.org/oclc/29324,
ND,village_sites,ND_Smith_1949_IndiansOfUrbanNW_HarrisChildrenHomestead_Pp211.jpg,"Smith, Marian. 1949. The indians and modern society. In Indians of the urban northwest., ed. Marian Smith, 3-18. New York: Columbia University Press.",http://www.worldcat.org/oclc/29324,
NIB,village_sites,NIB_Marshall_19997_ThoseWhoFell_p56.jpg,"Marshall, Daniel P. 1999. Those who Fell from the Sky: a History of the Cowichan Peoples. Cowichan Tribes, Culture and Education Centre. Duncan, British Columbia. Pp. 56-57.",http://www.worldcat.org/oclc/43647977,
NIB,village_sites,NIB_Gordon_1854_ShinglePointWarVillageMap.jpg,"Gordon, William Ebrington. 1854. Journal kept on board H.M.S Virago, 10 Sep. 1851-28 Jan. 1854, and H.M.S. Portland, 1 Feb. 1854-25 Apr. 1854. [Balgowlah], N.S.W: W. & F. Pascoe.",http://www.worldcat.org/oclc/28622418,
NIB,village_sites,NIB_elemendorandkroeber1992strucoftwanacultvillagsites.tif,"Elmendorf, William. 1993. Twana narratives: Native historical accounts of a coast salish culture. Seattle: University of Washington Press.",http://www.worldcat.org/oclc/27186817,
NIB,village_sites,NIB_hayes2005historicalatlasofvanhalqemehlem.tif,"Hayes, Derek, 1947. 2005. Historical atlas of vancouver and the lower fraser valley. Vancouver: Douglas & McIntyre,",http://www.worldcat.org/oclc/61698100,
NIB,village_sites,NIB_joejoeandrozenplacenamesquwwtsunppleditidahttradterr99.tif,"Joe Abel, Abraham Joe and David Rozen, ""Place Names of the Quwutsun People"" HTG Library and Archives, Ladysmith, BC, n.d).",,
NIB,village_sites,NIB_SMITH1958findingaidlowerfrserrivrbox3.tif,"Smith, Marian. N.d. Smith, Marian Wesley - Collection. Miscellaneous notes, papers, maps, charts and photographs in 19 boxes. MS 268 (1965). Royal Anthropological Institute of Great Britain and Ireland.",https://therai.org.uk/archives-and-manuscripts/manuscript-contents/0268-smith-marian-wesley-qcollectionq-ms-268,
NIB,village_sites,NIB_smith1969thepuyallupnisqualyvilsitep8.tif,"Smith, Marian. 1940. The puyallup-nisqually. New York: Columbia University Press.",http://www.worldcat.org/oclc/1441889,